Machine_ID,Equipment_Type,Run_Start,Run_End,Units_Produced,Product_Category,Product_Type
MC-5673,Speaker Assembly Machine,2020-02-12,2020-02-26,420,Audio Devices,Speakers
MC-4904,Headphone Assembly Machine,2020-10-08,2020-10-29,420,Audio Devices,Headphones
MC-6701,Speaker Assembly Machine,2020-07-14,2020-08-04,630,Audio Devices,Speakers
MC-6497,Speaker Assembly Machine,2020-04-03,2020-04-24,630,Audio Devices,Speakers
MC-9821,Headphone Assembly Machine,2020-02-24,2020-03-16,420,Audio Devices,Headphones
MC-1507,Headphone Assembly Machine,2020-04-09,2020-04-30,420,Audio Devices,Headphones
MC-3255,Amplifier Assembly Machine,2020-12-23,2021-01-06,210,Audio Devices,Amplifiers
MC-7491,Speaker Assembly Machine,2020-08-05,2020-08-26,630,Audio Devices,Speakers
MC-8890,Camera Assembly Machine,2020-02-25,2020-03-17,210,Video Devices,Cameras
MC-8837,Amplifier Assembly Machine,2020-12-14,2020-12-28,210,Audio Devices,Amplifiers
MC-9533,Headphone Assembly Machine,2020-03-25,2020-04-15,420,Audio Devices,Headphones
MC-8265,Camera Assembly Machine,2020-09-03,2020-09-10,70,Video Devices,Cameras
MC-6248,Microphone Assembly Machine,2020-09-04,2020-09-25,525,Audio Devices,Microphones
MC-4522,Amplifier Assembly Machine,2020-05-09,2020-05-30,315,Audio Devices,Amplifiers
MC-3195,Speaker Assembly Machine,2020-11-27,2020-12-11,420,Audio Devices,Speakers
MC-3682,Amplifier Assembly Machine,2020-03-05,2020-03-26,315,Audio Devices,Amplifiers
MC-9673,Amplifier Assembly Machine,2020-03-25,2020-04-08,210,Audio Devices,Amplifiers
MC-8710,Camera Assembly Machine,2020-05-11,2020-06-01,210,Video Devices,Cameras
MC-9849,Camera Assembly Machine,2020-08-11,2020-09-01,210,Video Devices,Cameras
MC-8439,Camera Assembly Machine,2020-04-24,2020-05-08,140,Video Devices,Cameras
MC-9094,Microphone Assembly Machine,2020-02-19,2020-02-26,175,Audio Devices,Microphones
MC-5377,Headphone Assembly Machine,2020-03-10,2020-03-24,280,Audio Devices,Headphones
MC-2414,Speaker Assembly Machine,2020-06-29,2020-07-20,630,Audio Devices,Speakers
MC-2953,Amplifier Assembly Machine,2020-08-14,2020-08-28,210,Audio Devices,Amplifiers
MC-6402,Headphone Assembly Machine,2020-10-31,2020-11-14,280,Audio Devices,Headphones
MC-6879,Camera Assembly Machine,2020-11-07,2020-11-14,70,Video Devices,Cameras
MC-5621,Camera Assembly Machine,2020-01-21,2020-01-28,70,Video Devices,Cameras
MC-5195,Speaker Assembly Machine,2020-01-07,2020-01-28,630,Audio Devices,Speakers
MC-3367,Amplifier Assembly Machine,2020-06-15,2020-07-06,315,Audio Devices,Amplifiers
MC-1490,Amplifier Assembly Machine,2020-01-30,2020-02-20,315,Audio Devices,Amplifiers
MC-2468,Amplifier Assembly Machine,2020-08-04,2020-08-18,210,Audio Devices,Amplifiers
MC-6124,Headphone Assembly Machine,2020-05-11,2020-05-25,280,Audio Devices,Headphones
MC-7256,Speaker Assembly Machine,2020-09-05,2020-09-12,210,Audio Devices,Speakers
MC-7214,Amplifier Assembly Machine,2020-09-23,2020-09-30,105,Audio Devices,Amplifiers
MC-2811,Speaker Assembly Machine,2020-05-31,2020-06-14,420,Audio Devices,Speakers
MC-8689,Headphone Assembly Machine,2020-01-28,2020-02-18,420,Audio Devices,Headphones
MC-2894,Microphone Assembly Machine,2020-01-28,2020-02-04,175,Audio Devices,Microphones
MC-1116,Microphone Assembly Machine,2020-08-17,2020-08-31,350,Audio Devices,Microphones
MC-9662,Microphone Assembly Machine,2020-11-21,2020-12-12,525,Audio Devices,Microphones
MC-1410,Microphone Assembly Machine,2020-11-09,2020-11-23,350,Audio Devices,Microphones
MC-2021,Speaker Assembly Machine,2020-04-25,2020-05-02,210,Audio Devices,Speakers
MC-8980,Camera Assembly Machine,2020-08-03,2020-08-24,210,Video Devices,Cameras
MC-7933,Microphone Assembly Machine,2020-11-07,2020-11-21,350,Audio Devices,Microphones
MC-4760,Microphone Assembly Machine,2020-01-10,2020-01-24,350,Audio Devices,Microphones
MC-7735,Headphone Assembly Machine,2020-05-25,2020-06-15,420,Audio Devices,Headphones
MC-6635,Microphone Assembly Machine,2020-11-02,2020-11-16,350,Audio Devices,Microphones
MC-9931,Speaker Assembly Machine,2020-09-24,2020-10-15,630,Audio Devices,Speakers
MC-2124,Camera Assembly Machine,2020-07-29,2020-08-12,140,Video Devices,Cameras
MC-8142,Amplifier Assembly Machine,2020-10-28,2020-11-18,315,Audio Devices,Amplifiers
MC-3514,Amplifier Assembly Machine,2020-10-20,2020-11-10,315,Audio Devices,Amplifiers
MC-3226,Speaker Assembly Machine,2020-10-13,2020-10-20,210,Audio Devices,Speakers
MC-5275,Microphone Assembly Machine,2020-05-09,2020-05-16,175,Audio Devices,Microphones
MC-1856,Amplifier Assembly Machine,2020-12-08,2020-12-29,315,Audio Devices,Amplifiers
MC-6801,Amplifier Assembly Machine,2020-05-12,2020-05-19,105,Audio Devices,Amplifiers
MC-3911,Speaker Assembly Machine,2020-05-22,2020-06-05,420,Audio Devices,Speakers
MC-7914,Microphone Assembly Machine,2020-12-11,2020-12-25,350,Audio Devices,Microphones
MC-2986,Camera Assembly Machine,2020-12-14,2020-12-21,70,Video Devices,Cameras
MC-5939,Amplifier Assembly Machine,2020-08-17,2020-08-24,105,Audio Devices,Amplifiers
MC-1399,Speaker Assembly Machine,2020-08-06,2020-08-13,210,Audio Devices,Speakers
MC-4839,Camera Assembly Machine,2020-07-29,2020-08-12,140,Video Devices,Cameras
MC-4713,Microphone Assembly Machine,2020-03-18,2020-03-25,175,Audio Devices,Microphones
MC-9112,Amplifier Assembly Machine,2020-10-24,2020-11-14,315,Audio Devices,Amplifiers
MC-7864,Speaker Assembly Machine,2020-10-22,2020-10-29,210,Audio Devices,Speakers
MC-4212,Camera Assembly Machine,2020-02-25,2020-03-03,70,Video Devices,Cameras
MC-6136,Headphone Assembly Machine,2020-06-24,2020-07-15,420,Audio Devices,Headphones
MC-4790,Amplifier Assembly Machine,2020-12-27,2021-01-03,105,Audio Devices,Amplifiers
MC-8510,Camera Assembly Machine,2020-06-27,2020-07-18,210,Video Devices,Cameras
MC-6581,Headphone Assembly Machine,2020-12-12,2021-01-02,420,Audio Devices,Headphones
MC-6959,Microphone Assembly Machine,2020-12-01,2020-12-08,175,Audio Devices,Microphones
MC-4055,Amplifier Assembly Machine,2020-02-26,2020-03-04,105,Audio Devices,Amplifiers
MC-6276,Headphone Assembly Machine,2020-03-09,2020-03-16,140,Audio Devices,Headphones
MC-1254,Camera Assembly Machine,2020-04-23,2020-05-07,140,Video Devices,Cameras
MC-8353,Amplifier Assembly Machine,2020-10-26,2020-11-09,210,Audio Devices,Amplifiers
MC-8614,Amplifier Assembly Machine,2020-10-04,2020-10-11,105,Audio Devices,Amplifiers
MC-2646,Speaker Assembly Machine,2020-03-24,2020-03-31,210,Audio Devices,Speakers
MC-7810,Microphone Assembly Machine,2020-10-03,2020-10-17,350,Audio Devices,Microphones
MC-6441,Microphone Assembly Machine,2020-01-01,2020-01-08,175,Audio Devices,Microphones
MC-5269,Speaker Assembly Machine,2020-09-04,2020-09-25,630,Audio Devices,Speakers
MC-1139,Speaker Assembly Machine,2020-08-21,2020-09-11,630,Audio Devices,Speakers
MC-6779,Headphone Assembly Machine,2020-06-28,2020-07-12,280,Audio Devices,Headphones
MC-7754,Speaker Assembly Machine,2020-01-10,2020-01-31,630,Audio Devices,Speakers
MC-7327,Amplifier Assembly Machine,2020-10-04,2020-10-11,105,Audio Devices,Amplifiers
MC-1445,Headphone Assembly Machine,2020-09-18,2020-10-09,420,Audio Devices,Headphones
MC-5776,Microphone Assembly Machine,2020-05-09,2020-05-23,350,Audio Devices,Microphones
MC-9197,Microphone Assembly Machine,2020-11-26,2020-12-17,525,Audio Devices,Microphones
MC-3817,Headphone Assembly Machine,2020-09-11,2020-09-25,280,Audio Devices,Headphones
MC-6096,Microphone Assembly Machine,2020-08-15,2020-09-05,525,Audio Devices,Microphones
MC-9898,Camera Assembly Machine,2020-09-29,2020-10-06,70,Video Devices,Cameras
MC-2112,Speaker Assembly Machine,2020-04-11,2020-04-18,210,Audio Devices,Speakers
MC-7165,Camera Assembly Machine,2020-10-09,2020-10-16,70,Video Devices,Cameras
MC-2425,Microphone Assembly Machine,2020-06-11,2020-06-25,350,Audio Devices,Microphones
MC-6667,Speaker Assembly Machine,2020-04-29,2020-05-13,420,Audio Devices,Speakers
MC-6286,Amplifier Assembly Machine,2020-07-19,2020-08-02,210,Audio Devices,Amplifiers
MC-8125,Camera Assembly Machine,2020-04-18,2020-05-02,140,Video Devices,Cameras
MC-3119,Camera Assembly Machine,2020-05-26,2020-06-09,140,Video Devices,Cameras
MC-6553,Headphone Assembly Machine,2020-11-24,2020-12-08,280,Audio Devices,Headphones
MC-2551,Speaker Assembly Machine,2020-12-30,2021-01-13,420,Audio Devices,Speakers
MC-5981,Amplifier Assembly Machine,2020-03-12,2020-03-19,105,Audio Devices,Amplifiers
MC-7174,Amplifier Assembly Machine,2020-12-20,2021-01-03,210,Audio Devices,Amplifiers
MC-9195,Amplifier Assembly Machine,2020-10-31,2020-11-07,105,Audio Devices,Amplifiers
MC-8277,Amplifier Assembly Machine,2020-12-12,2021-01-02,315,Audio Devices,Amplifiers
MC-4729,Speaker Assembly Machine,2020-09-20,2020-10-04,420,Audio Devices,Speakers
MC-8488,Headphone Assembly Machine,2020-09-05,2020-09-26,420,Audio Devices,Headphones
MC-3561,Speaker Assembly Machine,2020-07-22,2020-08-05,420,Audio Devices,Speakers
MC-4554,Speaker Assembly Machine,2020-02-06,2020-02-20,420,Audio Devices,Speakers
MC-6530,Amplifier Assembly Machine,2020-10-20,2020-11-10,315,Audio Devices,Amplifiers
MC-5039,Speaker Assembly Machine,2020-07-14,2020-07-28,420,Audio Devices,Speakers
MC-5736,Microphone Assembly Machine,2020-01-05,2020-01-19,350,Audio Devices,Microphones
MC-8975,Headphone Assembly Machine,2020-06-09,2020-06-16,140,Audio Devices,Headphones
MC-4903,Camera Assembly Machine,2020-05-16,2020-06-06,210,Video Devices,Cameras
MC-4821,Speaker Assembly Machine,2020-11-09,2020-11-16,210,Audio Devices,Speakers
MC-4727,Camera Assembly Machine,2020-12-13,2020-12-20,70,Video Devices,Cameras
MC-4739,Headphone Assembly Machine,2020-01-25,2020-02-01,140,Audio Devices,Headphones
MC-4245,Microphone Assembly Machine,2020-03-24,2020-04-14,525,Audio Devices,Microphones
MC-6150,Headphone Assembly Machine,2020-11-03,2020-11-17,280,Audio Devices,Headphones
MC-1048,Amplifier Assembly Machine,2020-03-28,2020-04-04,105,Audio Devices,Amplifiers
MC-1133,Microphone Assembly Machine,2020-07-04,2020-07-18,350,Audio Devices,Microphones
MC-8337,Headphone Assembly Machine,2020-04-23,2020-05-14,420,Audio Devices,Headphones
MC-3734,Amplifier Assembly Machine,2020-11-01,2020-11-15,210,Audio Devices,Amplifiers
MC-4347,Headphone Assembly Machine,2020-03-22,2020-03-29,140,Audio Devices,Headphones
MC-6943,Headphone Assembly Machine,2020-06-10,2020-06-17,140,Audio Devices,Headphones
MC-3487,Headphone Assembly Machine,2020-01-07,2020-01-14,140,Audio Devices,Headphones
MC-8850,Headphone Assembly Machine,2020-09-26,2020-10-03,140,Audio Devices,Headphones
MC-4442,Microphone Assembly Machine,2020-04-24,2020-05-01,175,Audio Devices,Microphones
MC-8939,Headphone Assembly Machine,2020-09-13,2020-10-04,420,Audio Devices,Headphones
MC-2543,Speaker Assembly Machine,2020-01-24,2020-02-14,630,Audio Devices,Speakers
MC-3328,Amplifier Assembly Machine,2020-09-14,2020-09-28,210,Audio Devices,Amplifiers
MC-7669,Microphone Assembly Machine,2020-02-06,2020-02-20,350,Audio Devices,Microphones
MC-7293,Headphone Assembly Machine,2020-03-27,2020-04-10,280,Audio Devices,Headphones
MC-8588,Microphone Assembly Machine,2020-11-11,2020-12-02,525,Audio Devices,Microphones
MC-2578,Speaker Assembly Machine,2020-07-09,2020-07-16,210,Audio Devices,Speakers
MC-3460,Camera Assembly Machine,2020-03-13,2020-04-03,210,Video Devices,Cameras
MC-5628,Amplifier Assembly Machine,2020-04-14,2020-04-28,210,Audio Devices,Amplifiers
MC-2267,Headphone Assembly Machine,2020-11-14,2020-11-21,140,Audio Devices,Headphones
MC-4635,Microphone Assembly Machine,2020-10-28,2020-11-18,525,Audio Devices,Microphones
MC-9256,Microphone Assembly Machine,2020-04-10,2020-05-01,525,Audio Devices,Microphones
MC-1702,Microphone Assembly Machine,2020-04-25,2020-05-16,525,Audio Devices,Microphones
MC-7982,Amplifier Assembly Machine,2020-02-01,2020-02-22,315,Audio Devices,Amplifiers
MC-8898,Headphone Assembly Machine,2020-05-29,2020-06-12,280,Audio Devices,Headphones
MC-5599,Camera Assembly Machine,2020-04-21,2020-04-28,70,Video Devices,Cameras
MC-3060,Headphone Assembly Machine,2020-05-05,2020-05-12,140,Audio Devices,Headphones
MC-4625,Speaker Assembly Machine,2020-04-17,2020-05-01,420,Audio Devices,Speakers
MC-4242,Amplifier Assembly Machine,2020-06-27,2020-07-18,315,Audio Devices,Amplifiers
MC-1930,Camera Assembly Machine,2020-09-12,2020-10-03,210,Video Devices,Cameras
MC-7805,Amplifier Assembly Machine,2020-05-18,2020-06-01,210,Audio Devices,Amplifiers
MC-6362,Headphone Assembly Machine,2020-06-16,2020-06-30,280,Audio Devices,Headphones
MC-7978,Microphone Assembly Machine,2020-09-24,2020-10-15,525,Audio Devices,Microphones
MC-8016,Microphone Assembly Machine,2020-05-20,2020-06-10,525,Audio Devices,Microphones
MC-3642,Headphone Assembly Machine,2020-07-13,2020-08-03,420,Audio Devices,Headphones
MC-7230,Headphone Assembly Machine,2020-01-17,2020-01-24,140,Audio Devices,Headphones
MC-4911,Microphone Assembly Machine,2020-09-14,2020-09-28,350,Audio Devices,Microphones
MC-5046,Headphone Assembly Machine,2020-08-08,2020-08-29,420,Audio Devices,Headphones
MC-8453,Camera Assembly Machine,2020-09-21,2020-09-28,70,Video Devices,Cameras
MC-2803,Headphone Assembly Machine,2020-11-04,2020-11-25,420,Audio Devices,Headphones
MC-2486,Speaker Assembly Machine,2020-05-16,2020-06-06,630,Audio Devices,Speakers
MC-7429,Headphone Assembly Machine,2020-06-21,2020-06-28,140,Audio Devices,Headphones
MC-1060,Speaker Assembly Machine,2020-01-31,2020-02-14,420,Audio Devices,Speakers
MC-3115,Amplifier Assembly Machine,2020-10-27,2020-11-17,315,Audio Devices,Amplifiers
MC-1393,Microphone Assembly Machine,2020-02-09,2020-03-01,525,Audio Devices,Microphones
MC-7680,Speaker Assembly Machine,2020-01-30,2020-02-06,210,Audio Devices,Speakers
MC-5670,Headphone Assembly Machine,2020-10-12,2020-10-26,280,Audio Devices,Headphones
MC-2187,Camera Assembly Machine,2020-01-08,2020-01-15,70,Video Devices,Cameras
MC-3561,Amplifier Assembly Machine,2020-01-12,2020-01-26,210,Audio Devices,Amplifiers
MC-8497,Headphone Assembly Machine,2020-12-02,2020-12-16,280,Audio Devices,Headphones
MC-9481,Speaker Assembly Machine,2020-09-27,2020-10-11,420,Audio Devices,Speakers
MC-2756,Microphone Assembly Machine,2020-06-21,2020-07-05,350,Audio Devices,Microphones
MC-5772,Speaker Assembly Machine,2020-04-08,2020-04-22,420,Audio Devices,Speakers
MC-7476,Microphone Assembly Machine,2020-06-30,2020-07-14,350,Audio Devices,Microphones
MC-4182,Camera Assembly Machine,2020-03-17,2020-04-07,210,Video Devices,Cameras
MC-1617,Speaker Assembly Machine,2020-11-16,2020-11-30,420,Audio Devices,Speakers
MC-1329,Speaker Assembly Machine,2020-08-19,2020-09-09,630,Audio Devices,Speakers
MC-9224,Camera Assembly Machine,2020-02-16,2020-03-01,140,Video Devices,Cameras
MC-9384,Microphone Assembly Machine,2020-10-22,2020-11-12,525,Audio Devices,Microphones
MC-9794,Headphone Assembly Machine,2020-10-11,2020-11-01,420,Audio Devices,Headphones
MC-7283,Amplifier Assembly Machine,2020-01-06,2020-01-13,105,Audio Devices,Amplifiers
MC-5292,Headphone Assembly Machine,2020-09-17,2020-10-01,280,Audio Devices,Headphones
MC-2636,Speaker Assembly Machine,2020-01-16,2020-01-30,420,Audio Devices,Speakers
MC-5739,Amplifier Assembly Machine,2020-10-09,2020-10-16,105,Audio Devices,Amplifiers
MC-6447,Microphone Assembly Machine,2020-02-04,2020-02-11,175,Audio Devices,Microphones
MC-8626,Headphone Assembly Machine,2020-05-02,2020-05-09,140,Audio Devices,Headphones
MC-7913,Camera Assembly Machine,2020-11-20,2020-11-27,70,Video Devices,Cameras
MC-3317,Amplifier Assembly Machine,2020-01-24,2020-02-07,210,Audio Devices,Amplifiers
MC-7158,Microphone Assembly Machine,2020-03-27,2020-04-17,525,Audio Devices,Microphones
MC-6272,Speaker Assembly Machine,2020-05-28,2020-06-04,210,Audio Devices,Speakers
MC-6804,Speaker Assembly Machine,2020-01-07,2020-01-14,210,Audio Devices,Speakers
MC-3370,Speaker Assembly Machine,2020-05-05,2020-05-26,630,Audio Devices,Speakers
MC-4770,Camera Assembly Machine,2020-04-17,2020-05-08,210,Video Devices,Cameras
MC-7663,Microphone Assembly Machine,2020-01-01,2020-01-22,525,Audio Devices,Microphones
MC-7392,Camera Assembly Machine,2020-06-03,2020-06-17,140,Video Devices,Cameras
MC-6335,Microphone Assembly Machine,2020-06-23,2020-06-30,175,Audio Devices,Microphones
MC-9513,Speaker Assembly Machine,2020-12-27,2021-01-03,210,Audio Devices,Speakers
MC-2825,Camera Assembly Machine,2020-12-08,2020-12-29,210,Video Devices,Cameras
MC-5744,Camera Assembly Machine,2020-08-01,2020-08-15,140,Video Devices,Cameras
MC-3649,Camera Assembly Machine,2020-07-25,2020-08-08,140,Video Devices,Cameras
MC-7382,Speaker Assembly Machine,2020-05-04,2020-05-18,420,Audio Devices,Speakers
MC-6622,Amplifier Assembly Machine,2020-09-18,2020-09-25,105,Audio Devices,Amplifiers
MC-5621,Microphone Assembly Machine,2020-07-19,2020-08-02,350,Audio Devices,Microphones
MC-4090,Headphone Assembly Machine,2020-12-13,2020-12-20,140,Audio Devices,Headphones
MC-5960,Speaker Assembly Machine,2020-05-26,2020-06-09,420,Audio Devices,Speakers
MC-7201,Microphone Assembly Machine,2020-09-28,2020-10-12,350,Audio Devices,Microphones
MC-2123,Microphone Assembly Machine,2021-05-29,2021-06-19,525,Audio Devices,Microphones
MC-4144,Microphone Assembly Machine,2021-05-16,2021-05-30,350,Audio Devices,Microphones
MC-8406,Headphone Assembly Machine,2021-07-06,2021-07-20,280,Audio Devices,Headphones
MC-9848,Amplifier Assembly Machine,2021-03-12,2021-03-26,210,Audio Devices,Amplifiers
MC-5502,Amplifier Assembly Machine,2021-10-19,2021-11-02,210,Audio Devices,Amplifiers
MC-3646,Amplifier Assembly Machine,2021-10-15,2021-10-22,105,Audio Devices,Amplifiers
MC-9634,Microphone Assembly Machine,2021-05-07,2021-05-21,350,Audio Devices,Microphones
MC-2840,Camera Assembly Machine,2021-12-20,2022-01-03,140,Video Devices,Cameras
MC-4090,Amplifier Assembly Machine,2021-03-07,2021-03-21,210,Audio Devices,Amplifiers
MC-2632,Microphone Assembly Machine,2021-03-19,2021-04-09,525,Audio Devices,Microphones
MC-7453,Camera Assembly Machine,2021-10-30,2021-11-06,70,Video Devices,Cameras
MC-5231,Speaker Assembly Machine,2021-10-03,2021-10-17,420,Audio Devices,Speakers
MC-4926,Camera Assembly Machine,2021-06-03,2021-06-24,210,Video Devices,Cameras
MC-7038,Amplifier Assembly Machine,2021-02-15,2021-03-01,210,Audio Devices,Amplifiers
MC-4610,Headphone Assembly Machine,2021-11-16,2021-12-07,420,Audio Devices,Headphones
MC-3420,Amplifier Assembly Machine,2021-02-26,2021-03-05,105,Audio Devices,Amplifiers
MC-3490,Amplifier Assembly Machine,2021-05-26,2021-06-16,315,Audio Devices,Amplifiers
MC-9069,Amplifier Assembly Machine,2021-11-29,2021-12-06,105,Audio Devices,Amplifiers
MC-7455,Headphone Assembly Machine,2021-11-17,2021-12-01,280,Audio Devices,Headphones
MC-5384,Speaker Assembly Machine,2021-10-12,2021-10-26,420,Audio Devices,Speakers
MC-7400,Speaker Assembly Machine,2021-04-27,2021-05-18,630,Audio Devices,Speakers
MC-9640,Microphone Assembly Machine,2021-10-05,2021-10-19,350,Audio Devices,Microphones
MC-8706,Headphone Assembly Machine,2021-03-09,2021-03-16,140,Audio Devices,Headphones
MC-6697,Amplifier Assembly Machine,2021-02-18,2021-02-25,105,Audio Devices,Amplifiers
MC-3810,Speaker Assembly Machine,2021-02-05,2021-02-26,630,Audio Devices,Speakers
MC-5922,Amplifier Assembly Machine,2021-07-23,2021-07-30,105,Audio Devices,Amplifiers
MC-9200,Microphone Assembly Machine,2021-01-20,2021-01-27,175,Audio Devices,Microphones
MC-2703,Camera Assembly Machine,2021-04-28,2021-05-19,210,Video Devices,Cameras
MC-3140,Headphone Assembly Machine,2021-09-26,2021-10-03,140,Audio Devices,Headphones
MC-6314,Microphone Assembly Machine,2021-06-30,2021-07-14,350,Audio Devices,Microphones
MC-6087,Amplifier Assembly Machine,2021-10-02,2021-10-23,315,Audio Devices,Amplifiers
MC-8732,Camera Assembly Machine,2021-11-05,2021-11-12,70,Video Devices,Cameras
MC-8269,Speaker Assembly Machine,2021-08-25,2021-09-01,210,Audio Devices,Speakers
MC-3334,Speaker Assembly Machine,2021-05-24,2021-06-07,420,Audio Devices,Speakers
MC-7014,Camera Assembly Machine,2021-02-19,2021-02-26,70,Video Devices,Cameras
MC-5492,Amplifier Assembly Machine,2021-02-12,2021-02-26,210,Audio Devices,Amplifiers
MC-5546,Headphone Assembly Machine,2021-08-15,2021-08-29,280,Audio Devices,Headphones
MC-1306,Camera Assembly Machine,2021-05-02,2021-05-09,70,Video Devices,Cameras
MC-8671,Headphone Assembly Machine,2021-07-25,2021-08-08,280,Audio Devices,Headphones
MC-2068,Microphone Assembly Machine,2021-11-13,2021-11-20,175,Audio Devices,Microphones
MC-2624,Speaker Assembly Machine,2021-08-27,2021-09-10,420,Audio Devices,Speakers
MC-7585,Speaker Assembly Machine,2021-02-04,2021-02-11,210,Audio Devices,Speakers
MC-2463,Speaker Assembly Machine,2021-06-10,2021-07-01,630,Audio Devices,Speakers
MC-6451,Microphone Assembly Machine,2021-02-13,2021-02-27,350,Audio Devices,Microphones
MC-8858,Speaker Assembly Machine,2021-07-19,2021-08-02,420,Audio Devices,Speakers
MC-5339,Microphone Assembly Machine,2021-02-10,2021-02-17,175,Audio Devices,Microphones
MC-1930,Amplifier Assembly Machine,2021-12-02,2021-12-09,105,Audio Devices,Amplifiers
MC-2495,Speaker Assembly Machine,2021-04-22,2021-05-13,630,Audio Devices,Speakers
MC-8630,Amplifier Assembly Machine,2021-04-07,2021-04-14,105,Audio Devices,Amplifiers
MC-6661,Speaker Assembly Machine,2021-12-29,2022-01-12,420,Audio Devices,Speakers
MC-4279,Headphone Assembly Machine,2021-06-22,2021-06-29,140,Audio Devices,Headphones
MC-7169,Amplifier Assembly Machine,2021-10-27,2021-11-10,210,Audio Devices,Amplifiers
MC-8862,Camera Assembly Machine,2021-06-13,2021-06-27,140,Video Devices,Cameras
MC-8661,Speaker Assembly Machine,2021-04-14,2021-05-05,630,Audio Devices,Speakers
MC-3094,Amplifier Assembly Machine,2021-12-26,2022-01-16,315,Audio Devices,Amplifiers
MC-9928,Camera Assembly Machine,2021-04-24,2021-05-01,70,Video Devices,Cameras
MC-4377,Speaker Assembly Machine,2021-12-20,2022-01-03,420,Audio Devices,Speakers
MC-8864,Speaker Assembly Machine,2021-09-12,2021-09-26,420,Audio Devices,Speakers
MC-4081,Speaker Assembly Machine,2021-03-04,2021-03-25,630,Audio Devices,Speakers
MC-3332,Speaker Assembly Machine,2021-10-09,2021-10-30,630,Audio Devices,Speakers
MC-9747,Camera Assembly Machine,2021-12-27,2022-01-17,210,Video Devices,Cameras
MC-8488,Speaker Assembly Machine,2021-01-14,2021-01-21,210,Audio Devices,Speakers
MC-1374,Amplifier Assembly Machine,2021-03-03,2021-03-17,210,Audio Devices,Amplifiers
MC-4730,Amplifier Assembly Machine,2021-03-30,2021-04-13,210,Audio Devices,Amplifiers
MC-9635,Headphone Assembly Machine,2021-10-06,2021-10-13,140,Audio Devices,Headphones
MC-8110,Amplifier Assembly Machine,2021-04-01,2021-04-15,210,Audio Devices,Amplifiers
MC-2393,Camera Assembly Machine,2021-12-16,2021-12-30,140,Video Devices,Cameras
MC-2658,Headphone Assembly Machine,2021-08-20,2021-08-27,140,Audio Devices,Headphones
MC-6836,Headphone Assembly Machine,2021-09-07,2021-09-28,420,Audio Devices,Headphones
MC-5335,Speaker Assembly Machine,2021-08-27,2021-09-10,420,Audio Devices,Speakers
MC-5254,Speaker Assembly Machine,2021-08-27,2021-09-10,420,Audio Devices,Speakers
MC-9459,Camera Assembly Machine,2021-08-09,2021-08-23,140,Video Devices,Cameras
MC-8353,Microphone Assembly Machine,2021-03-19,2021-03-26,175,Audio Devices,Microphones
MC-4859,Camera Assembly Machine,2021-01-08,2021-01-15,70,Video Devices,Cameras
MC-2200,Camera Assembly Machine,2021-04-06,2021-04-13,70,Video Devices,Cameras
MC-1492,Headphone Assembly Machine,2021-04-10,2021-04-24,280,Audio Devices,Headphones
MC-5083,Headphone Assembly Machine,2021-01-27,2021-02-10,280,Audio Devices,Headphones
MC-7629,Headphone Assembly Machine,2021-07-23,2021-08-13,420,Audio Devices,Headphones
MC-1894,Camera Assembly Machine,2021-08-10,2021-08-24,140,Video Devices,Cameras
MC-5756,Headphone Assembly Machine,2021-07-25,2021-08-01,140,Audio Devices,Headphones
MC-9974,Microphone Assembly Machine,2021-08-07,2021-08-28,525,Audio Devices,Microphones
MC-8887,Camera Assembly Machine,2021-03-01,2021-03-08,70,Video Devices,Cameras
MC-3112,Headphone Assembly Machine,2021-04-15,2021-04-29,280,Audio Devices,Headphones
MC-2034,Microphone Assembly Machine,2021-12-26,2022-01-09,350,Audio Devices,Microphones
MC-1246,Headphone Assembly Machine,2021-01-28,2021-02-04,140,Audio Devices,Headphones
MC-1695,Camera Assembly Machine,2021-05-30,2021-06-06,70,Video Devices,Cameras
MC-1670,Amplifier Assembly Machine,2021-04-19,2021-04-26,105,Audio Devices,Amplifiers
MC-4591,Headphone Assembly Machine,2021-08-26,2021-09-09,280,Audio Devices,Headphones
MC-9100,Headphone Assembly Machine,2021-11-07,2021-11-28,420,Audio Devices,Headphones
MC-7690,Camera Assembly Machine,2021-10-06,2021-10-13,70,Video Devices,Cameras
MC-9942,Speaker Assembly Machine,2021-08-13,2021-08-27,420,Audio Devices,Speakers
MC-4998,Headphone Assembly Machine,2021-08-17,2021-08-24,140,Audio Devices,Headphones
MC-6202,Speaker Assembly Machine,2021-12-08,2021-12-22,420,Audio Devices,Speakers
MC-3860,Headphone Assembly Machine,2021-08-09,2021-08-30,420,Audio Devices,Headphones
MC-5694,Microphone Assembly Machine,2021-04-05,2021-04-12,175,Audio Devices,Microphones
MC-4555,Microphone Assembly Machine,2021-06-23,2021-07-14,525,Audio Devices,Microphones
MC-1635,Headphone Assembly Machine,2021-03-10,2021-03-17,140,Audio Devices,Headphones
MC-8664,Headphone Assembly Machine,2021-12-17,2021-12-24,140,Audio Devices,Headphones
MC-8544,Amplifier Assembly Machine,2021-10-16,2021-10-23,105,Audio Devices,Amplifiers
MC-3087,Amplifier Assembly Machine,2021-10-02,2021-10-16,210,Audio Devices,Amplifiers
MC-6131,Speaker Assembly Machine,2021-08-20,2021-09-10,630,Audio Devices,Speakers
MC-5845,Amplifier Assembly Machine,2021-11-24,2021-12-01,105,Audio Devices,Amplifiers
MC-8764,Camera Assembly Machine,2021-01-06,2021-01-13,70,Video Devices,Cameras
MC-5386,Headphone Assembly Machine,2021-09-20,2021-09-27,140,Audio Devices,Headphones
MC-7815,Microphone Assembly Machine,2021-11-19,2021-12-03,350,Audio Devices,Microphones
MC-9300,Microphone Assembly Machine,2021-11-07,2021-11-28,525,Audio Devices,Microphones
MC-1570,Microphone Assembly Machine,2021-03-26,2021-04-09,350,Audio Devices,Microphones
MC-1757,Microphone Assembly Machine,2021-04-13,2021-04-20,175,Audio Devices,Microphones
MC-5090,Amplifier Assembly Machine,2021-04-01,2021-04-08,105,Audio Devices,Amplifiers
MC-1464,Speaker Assembly Machine,2021-11-14,2021-12-05,630,Audio Devices,Speakers
MC-7740,Speaker Assembly Machine,2021-04-10,2021-04-24,420,Audio Devices,Speakers
MC-2255,Headphone Assembly Machine,2021-03-05,2021-03-19,280,Audio Devices,Headphones
MC-9253,Amplifier Assembly Machine,2021-05-02,2021-05-16,210,Audio Devices,Amplifiers
MC-1969,Camera Assembly Machine,2021-05-21,2021-05-28,70,Video Devices,Cameras
MC-1960,Speaker Assembly Machine,2021-04-02,2021-04-09,210,Audio Devices,Speakers
MC-5746,Headphone Assembly Machine,2021-09-04,2021-09-18,280,Audio Devices,Headphones
MC-3207,Speaker Assembly Machine,2021-03-29,2021-04-19,630,Audio Devices,Speakers
MC-3569,Microphone Assembly Machine,2021-11-18,2021-12-09,525,Audio Devices,Microphones
MC-2117,Speaker Assembly Machine,2021-09-21,2021-09-28,210,Audio Devices,Speakers
MC-3783,Headphone Assembly Machine,2021-12-10,2021-12-17,140,Audio Devices,Headphones
MC-4408,Amplifier Assembly Machine,2021-11-13,2021-12-04,315,Audio Devices,Amplifiers
MC-1884,Amplifier Assembly Machine,2021-12-24,2022-01-14,315,Audio Devices,Amplifiers
MC-5971,Camera Assembly Machine,2021-09-25,2021-10-02,70,Video Devices,Cameras
MC-8521,Amplifier Assembly Machine,2021-12-13,2022-01-03,315,Audio Devices,Amplifiers
MC-9322,Speaker Assembly Machine,2021-08-07,2021-08-28,630,Audio Devices,Speakers
MC-4611,Speaker Assembly Machine,2021-07-09,2021-07-30,630,Audio Devices,Speakers
MC-7121,Headphone Assembly Machine,2021-12-15,2021-12-22,140,Audio Devices,Headphones
MC-4078,Camera Assembly Machine,2021-08-27,2021-09-03,70,Video Devices,Cameras
MC-8264,Headphone Assembly Machine,2021-12-30,2022-01-06,140,Audio Devices,Headphones
MC-6578,Microphone Assembly Machine,2021-10-07,2021-10-14,175,Audio Devices,Microphones
MC-6416,Amplifier Assembly Machine,2021-11-16,2021-11-23,105,Audio Devices,Amplifiers
MC-8444,Amplifier Assembly Machine,2021-01-17,2021-02-07,315,Audio Devices,Amplifiers
MC-9715,Microphone Assembly Machine,2021-06-03,2021-06-17,350,Audio Devices,Microphones
MC-9922,Camera Assembly Machine,2021-08-06,2021-08-20,140,Video Devices,Cameras
MC-2995,Speaker Assembly Machine,2021-10-31,2021-11-21,630,Audio Devices,Speakers
MC-1148,Microphone Assembly Machine,2021-01-30,2021-02-06,175,Audio Devices,Microphones
MC-9887,Amplifier Assembly Machine,2021-09-12,2021-09-26,210,Audio Devices,Amplifiers
MC-6574,Microphone Assembly Machine,2021-07-04,2021-07-11,175,Audio Devices,Microphones
MC-1502,Microphone Assembly Machine,2021-11-11,2021-11-25,350,Audio Devices,Microphones
MC-5289,Camera Assembly Machine,2021-04-29,2021-05-13,140,Video Devices,Cameras
MC-1102,Speaker Assembly Machine,2021-02-09,2021-03-02,630,Audio Devices,Speakers
MC-6091,Camera Assembly Machine,2021-07-02,2021-07-09,70,Video Devices,Cameras
MC-9753,Camera Assembly Machine,2021-08-18,2021-09-01,140,Video Devices,Cameras
MC-1046,Camera Assembly Machine,2021-11-27,2021-12-11,140,Video Devices,Cameras
MC-4645,Microphone Assembly Machine,2021-06-29,2021-07-20,525,Audio Devices,Microphones
MC-2214,Microphone Assembly Machine,2021-03-21,2021-03-28,175,Audio Devices,Microphones
MC-2514,Microphone Assembly Machine,2021-01-24,2021-01-31,175,Audio Devices,Microphones
MC-5059,Microphone Assembly Machine,2021-01-01,2021-01-22,525,Audio Devices,Microphones
MC-3109,Microphone Assembly Machine,2021-08-25,2021-09-08,350,Audio Devices,Microphones
MC-9948,Camera Assembly Machine,2021-12-06,2021-12-27,210,Video Devices,Cameras
MC-2792,Headphone Assembly Machine,2021-04-18,2021-04-25,140,Audio Devices,Headphones
MC-7791,Headphone Assembly Machine,2021-12-11,2021-12-18,140,Audio Devices,Headphones
MC-4409,Microphone Assembly Machine,2021-06-20,2021-06-27,175,Audio Devices,Microphones
MC-1919,Headphone Assembly Machine,2021-11-29,2021-12-20,420,Audio Devices,Headphones
MC-1650,Amplifier Assembly Machine,2021-04-08,2021-04-22,210,Audio Devices,Amplifiers
MC-6742,Camera Assembly Machine,2021-08-20,2021-08-27,70,Video Devices,Cameras
MC-3516,Speaker Assembly Machine,2021-03-01,2021-03-15,420,Audio Devices,Speakers
MC-6774,Microphone Assembly Machine,2021-08-11,2021-08-18,175,Audio Devices,Microphones
MC-7917,Camera Assembly Machine,2021-03-27,2021-04-10,140,Video Devices,Cameras
MC-8572,Amplifier Assembly Machine,2021-03-18,2021-04-01,210,Audio Devices,Amplifiers
MC-1718,Headphone Assembly Machine,2021-10-01,2021-10-15,280,Audio Devices,Headphones
MC-9838,Camera Assembly Machine,2021-09-04,2021-09-25,210,Video Devices,Cameras
MC-1392,Camera Assembly Machine,2021-03-16,2021-04-06,210,Video Devices,Cameras
MC-4298,Microphone Assembly Machine,2021-05-21,2021-06-11,525,Audio Devices,Microphones
MC-1027,Speaker Assembly Machine,2021-11-15,2021-12-06,630,Audio Devices,Speakers
MC-4100,Speaker Assembly Machine,2021-05-13,2021-05-20,210,Audio Devices,Speakers
MC-1455,Speaker Assembly Machine,2021-03-01,2021-03-08,210,Audio Devices,Speakers
MC-3631,Microphone Assembly Machine,2021-10-12,2021-10-26,350,Audio Devices,Microphones
MC-3195,Headphone Assembly Machine,2021-05-25,2021-06-15,420,Audio Devices,Headphones
MC-6632,Headphone Assembly Machine,2021-10-08,2021-10-22,280,Audio Devices,Headphones
MC-1636,Speaker Assembly Machine,2021-02-08,2021-03-01,630,Audio Devices,Speakers
MC-2051,Speaker Assembly Machine,2021-02-07,2021-02-14,210,Audio Devices,Speakers
MC-6559,Microphone Assembly Machine,2021-07-04,2021-07-25,525,Audio Devices,Microphones
MC-1548,Camera Assembly Machine,2021-11-23,2021-12-14,210,Video Devices,Cameras
MC-6216,Camera Assembly Machine,2021-10-28,2021-11-11,140,Video Devices,Cameras
MC-2587,Headphone Assembly Machine,2021-03-04,2021-03-18,280,Audio Devices,Headphones
MC-4439,Amplifier Assembly Machine,2021-06-11,2021-06-25,210,Audio Devices,Amplifiers
MC-2451,Headphone Assembly Machine,2021-12-25,2022-01-01,140,Audio Devices,Headphones
MC-6373,Speaker Assembly Machine,2021-07-28,2021-08-18,630,Audio Devices,Speakers
MC-7897,Camera Assembly Machine,2021-04-27,2021-05-04,70,Video Devices,Cameras
MC-6035,Headphone Assembly Machine,2021-03-11,2021-03-18,140,Audio Devices,Headphones
MC-3780,Microphone Assembly Machine,2021-01-23,2021-02-13,525,Audio Devices,Microphones
MC-3663,Headphone Assembly Machine,2021-08-09,2021-08-23,280,Audio Devices,Headphones
MC-2976,Speaker Assembly Machine,2021-03-13,2021-03-20,210,Audio Devices,Speakers
MC-7248,Speaker Assembly Machine,2021-12-05,2021-12-26,630,Audio Devices,Speakers
MC-5015,Speaker Assembly Machine,2021-05-26,2021-06-02,210,Audio Devices,Speakers
MC-2309,Microphone Assembly Machine,2021-07-23,2021-08-13,525,Audio Devices,Microphones
MC-4772,Camera Assembly Machine,2021-02-19,2021-03-05,140,Video Devices,Cameras
MC-1933,Headphone Assembly Machine,2021-10-23,2021-10-30,140,Audio Devices,Headphones
MC-4292,Microphone Assembly Machine,2021-12-09,2021-12-16,175,Audio Devices,Microphones
MC-8432,Speaker Assembly Machine,2021-04-30,2021-05-21,630,Audio Devices,Speakers
MC-3723,Headphone Assembly Machine,2021-09-20,2021-09-27,140,Audio Devices,Headphones
MC-3979,Microphone Assembly Machine,2021-03-29,2021-04-12,350,Audio Devices,Microphones
MC-3185,Headphone Assembly Machine,2021-01-10,2021-01-31,420,Audio Devices,Headphones
MC-2221,Camera Assembly Machine,2021-10-26,2021-11-09,140,Video Devices,Cameras
MC-7347,Speaker Assembly Machine,2021-06-28,2021-07-19,630,Audio Devices,Speakers
MC-6377,Headphone Assembly Machine,2021-10-24,2021-11-07,280,Audio Devices,Headphones
MC-1073,Camera Assembly Machine,2021-11-04,2021-11-25,210,Video Devices,Cameras
MC-9699,Microphone Assembly Machine,2021-11-28,2021-12-12,350,Audio Devices,Microphones
MC-6275,Microphone Assembly Machine,2021-03-18,2021-03-25,175,Audio Devices,Microphones
MC-4960,Headphone Assembly Machine,2022-09-04,2022-09-25,420,Audio Devices,Headphones
MC-8324,Headphone Assembly Machine,2022-06-01,2022-06-22,420,Audio Devices,Headphones
MC-5563,Speaker Assembly Machine,2022-04-30,2022-05-07,210,Audio Devices,Speakers
MC-9989,Headphone Assembly Machine,2022-10-11,2022-10-18,140,Audio Devices,Headphones
MC-5778,Camera Assembly Machine,2022-10-31,2022-11-14,140,Video Devices,Cameras
MC-8050,Speaker Assembly Machine,2022-08-10,2022-08-17,210,Audio Devices,Speakers
MC-3253,Speaker Assembly Machine,2022-09-01,2022-09-22,630,Audio Devices,Speakers
MC-2372,Speaker Assembly Machine,2022-07-23,2022-08-13,630,Audio Devices,Speakers
MC-1042,Amplifier Assembly Machine,2022-08-25,2022-09-15,315,Audio Devices,Amplifiers
MC-9172,Microphone Assembly Machine,2022-02-05,2022-02-26,525,Audio Devices,Microphones
MC-4016,Microphone Assembly Machine,2022-01-02,2022-01-23,525,Audio Devices,Microphones
MC-4090,Amplifier Assembly Machine,2022-12-29,2023-01-12,210,Audio Devices,Amplifiers
MC-1641,Amplifier Assembly Machine,2022-11-29,2022-12-13,210,Audio Devices,Amplifiers
MC-9978,Microphone Assembly Machine,2022-08-21,2022-08-28,175,Audio Devices,Microphones
MC-6301,Speaker Assembly Machine,2022-09-22,2022-10-06,420,Audio Devices,Speakers
MC-1699,Microphone Assembly Machine,2022-04-21,2022-04-28,175,Audio Devices,Microphones
MC-5161,Amplifier Assembly Machine,2022-06-26,2022-07-03,105,Audio Devices,Amplifiers
MC-8071,Microphone Assembly Machine,2022-06-30,2022-07-14,350,Audio Devices,Microphones
MC-6361,Amplifier Assembly Machine,2022-11-06,2022-11-13,105,Audio Devices,Amplifiers
MC-6780,Speaker Assembly Machine,2022-05-02,2022-05-16,420,Audio Devices,Speakers
MC-3406,Headphone Assembly Machine,2022-01-18,2022-02-08,420,Audio Devices,Headphones
MC-4525,Camera Assembly Machine,2022-03-12,2022-03-26,140,Video Devices,Cameras
MC-1159,Microphone Assembly Machine,2022-10-06,2022-10-20,350,Audio Devices,Microphones
MC-7273,Camera Assembly Machine,2022-07-26,2022-08-09,140,Video Devices,Cameras
MC-2899,Microphone Assembly Machine,2022-08-03,2022-08-10,175,Audio Devices,Microphones
MC-6859,Speaker Assembly Machine,2022-04-25,2022-05-09,420,Audio Devices,Speakers
MC-9037,Camera Assembly Machine,2022-05-01,2022-05-15,140,Video Devices,Cameras
MC-9931,Speaker Assembly Machine,2022-05-05,2022-05-12,210,Audio Devices,Speakers
MC-9886,Microphone Assembly Machine,2022-07-22,2022-08-05,350,Audio Devices,Microphones
MC-8244,Microphone Assembly Machine,2022-08-06,2022-08-13,175,Audio Devices,Microphones
MC-5637,Camera Assembly Machine,2022-08-21,2022-08-28,70,Video Devices,Cameras
MC-3107,Camera Assembly Machine,2022-09-11,2022-10-02,210,Video Devices,Cameras
MC-5575,Camera Assembly Machine,2022-12-05,2022-12-12,70,Video Devices,Cameras
MC-7591,Amplifier Assembly Machine,2022-03-27,2022-04-17,315,Audio Devices,Amplifiers
MC-6613,Amplifier Assembly Machine,2022-12-13,2022-12-20,105,Audio Devices,Amplifiers
MC-3406,Headphone Assembly Machine,2022-07-26,2022-08-16,420,Audio Devices,Headphones
MC-6703,Camera Assembly Machine,2022-12-09,2022-12-30,210,Video Devices,Cameras
MC-4678,Microphone Assembly Machine,2022-02-03,2022-02-10,175,Audio Devices,Microphones
MC-5299,Speaker Assembly Machine,2022-12-17,2022-12-31,420,Audio Devices,Speakers
MC-3152,Headphone Assembly Machine,2022-11-21,2022-12-05,280,Audio Devices,Headphones
MC-1108,Amplifier Assembly Machine,2022-04-05,2022-04-26,315,Audio Devices,Amplifiers
MC-8277,Microphone Assembly Machine,2022-05-08,2022-05-22,350,Audio Devices,Microphones
MC-1840,Speaker Assembly Machine,2022-02-21,2022-03-14,630,Audio Devices,Speakers
MC-2444,Microphone Assembly Machine,2022-04-07,2022-04-14,175,Audio Devices,Microphones
MC-7954,Speaker Assembly Machine,2022-08-14,2022-09-04,630,Audio Devices,Speakers
MC-6857,Amplifier Assembly Machine,2022-02-01,2022-02-15,210,Audio Devices,Amplifiers
MC-2026,Camera Assembly Machine,2022-10-10,2022-10-31,210,Video Devices,Cameras
MC-8616,Microphone Assembly Machine,2022-01-19,2022-01-26,175,Audio Devices,Microphones
MC-1416,Camera Assembly Machine,2022-06-24,2022-07-01,70,Video Devices,Cameras
MC-6768,Microphone Assembly Machine,2022-01-05,2022-01-19,350,Audio Devices,Microphones
MC-5020,Camera Assembly Machine,2022-06-30,2022-07-14,140,Video Devices,Cameras
MC-9188,Microphone Assembly Machine,2022-09-17,2022-10-08,525,Audio Devices,Microphones
MC-6145,Microphone Assembly Machine,2022-05-06,2022-05-20,350,Audio Devices,Microphones
MC-5570,Amplifier Assembly Machine,2022-04-15,2022-04-22,105,Audio Devices,Amplifiers
MC-1370,Speaker Assembly Machine,2022-11-26,2022-12-03,210,Audio Devices,Speakers
MC-5932,Camera Assembly Machine,2022-04-23,2022-05-07,140,Video Devices,Cameras
MC-5992,Amplifier Assembly Machine,2022-10-17,2022-11-07,315,Audio Devices,Amplifiers
MC-7793,Microphone Assembly Machine,2022-04-08,2022-04-22,350,Audio Devices,Microphones
MC-8450,Microphone Assembly Machine,2022-01-27,2022-02-03,175,Audio Devices,Microphones
MC-8970,Amplifier Assembly Machine,2022-12-25,2023-01-01,105,Audio Devices,Amplifiers
MC-6463,Camera Assembly Machine,2022-12-20,2023-01-03,140,Video Devices,Cameras
MC-9099,Camera Assembly Machine,2022-12-13,2022-12-20,70,Video Devices,Cameras
MC-6054,Microphone Assembly Machine,2022-05-12,2022-06-02,525,Audio Devices,Microphones
MC-2421,Camera Assembly Machine,2022-05-11,2022-05-25,140,Video Devices,Cameras
MC-5536,Speaker Assembly Machine,2022-11-12,2022-12-03,630,Audio Devices,Speakers
MC-4084,Speaker Assembly Machine,2022-05-25,2022-06-15,630,Audio Devices,Speakers
MC-5785,Speaker Assembly Machine,2022-06-21,2022-07-05,420,Audio Devices,Speakers
MC-7412,Speaker Assembly Machine,2022-07-08,2022-07-29,630,Audio Devices,Speakers
MC-8034,Amplifier Assembly Machine,2022-12-06,2022-12-13,105,Audio Devices,Amplifiers
MC-9017,Microphone Assembly Machine,2022-04-04,2022-04-18,350,Audio Devices,Microphones
MC-9941,Microphone Assembly Machine,2022-01-14,2022-01-28,350,Audio Devices,Microphones
MC-4029,Amplifier Assembly Machine,2022-01-11,2022-02-01,315,Audio Devices,Amplifiers
MC-3961,Amplifier Assembly Machine,2022-07-10,2022-07-31,315,Audio Devices,Amplifiers
MC-1502,Microphone Assembly Machine,2022-03-24,2022-03-31,175,Audio Devices,Microphones
MC-8818,Camera Assembly Machine,2022-12-19,2023-01-02,140,Video Devices,Cameras
MC-4340,Headphone Assembly Machine,2022-03-28,2022-04-18,420,Audio Devices,Headphones
MC-8309,Headphone Assembly Machine,2022-09-28,2022-10-05,140,Audio Devices,Headphones
MC-7612,Amplifier Assembly Machine,2022-11-30,2022-12-07,105,Audio Devices,Amplifiers
MC-1784,Headphone Assembly Machine,2022-05-19,2022-06-09,420,Audio Devices,Headphones
MC-4740,Amplifier Assembly Machine,2022-09-04,2022-09-11,105,Audio Devices,Amplifiers
MC-1985,Headphone Assembly Machine,2022-09-07,2022-09-21,280,Audio Devices,Headphones
MC-7278,Camera Assembly Machine,2022-03-23,2022-04-06,140,Video Devices,Cameras
MC-2522,Camera Assembly Machine,2022-01-01,2022-01-22,210,Video Devices,Cameras
MC-8826,Amplifier Assembly Machine,2022-03-13,2022-04-03,315,Audio Devices,Amplifiers
MC-2200,Camera Assembly Machine,2022-10-05,2022-10-26,210,Video Devices,Cameras
MC-1389,Camera Assembly Machine,2022-01-12,2022-01-19,70,Video Devices,Cameras
MC-4089,Speaker Assembly Machine,2022-05-23,2022-05-30,210,Audio Devices,Speakers
MC-7188,Amplifier Assembly Machine,2022-08-11,2022-08-25,210,Audio Devices,Amplifiers
MC-2882,Speaker Assembly Machine,2022-02-25,2022-03-18,630,Audio Devices,Speakers
MC-7270,Headphone Assembly Machine,2022-06-19,2022-06-26,140,Audio Devices,Headphones
MC-3933,Headphone Assembly Machine,2022-12-29,2023-01-19,420,Audio Devices,Headphones
MC-9421,Camera Assembly Machine,2022-03-05,2022-03-19,140,Video Devices,Cameras
MC-5106,Camera Assembly Machine,2022-12-12,2022-12-26,140,Video Devices,Cameras
MC-4126,Headphone Assembly Machine,2022-07-06,2022-07-27,420,Audio Devices,Headphones
MC-4656,Amplifier Assembly Machine,2022-08-06,2022-08-20,210,Audio Devices,Amplifiers
MC-2468,Headphone Assembly Machine,2022-07-19,2022-07-26,140,Audio Devices,Headphones
MC-2213,Headphone Assembly Machine,2022-09-27,2022-10-18,420,Audio Devices,Headphones
MC-1059,Headphone Assembly Machine,2022-04-17,2022-05-08,420,Audio Devices,Headphones
MC-4315,Amplifier Assembly Machine,2022-12-05,2022-12-26,315,Audio Devices,Amplifiers
MC-9937,Speaker Assembly Machine,2022-04-14,2022-04-21,210,Audio Devices,Speakers
MC-1649,Headphone Assembly Machine,2022-09-15,2022-10-06,420,Audio Devices,Headphones
MC-9532,Speaker Assembly Machine,2022-12-17,2022-12-31,420,Audio Devices,Speakers
MC-8317,Amplifier Assembly Machine,2022-05-09,2022-05-30,315,Audio Devices,Amplifiers
MC-1776,Microphone Assembly Machine,2022-07-30,2022-08-20,525,Audio Devices,Microphones
MC-6211,Camera Assembly Machine,2022-07-13,2022-07-20,70,Video Devices,Cameras
MC-9457,Speaker Assembly Machine,2022-12-04,2022-12-18,420,Audio Devices,Speakers
MC-1579,Microphone Assembly Machine,2022-03-14,2022-03-28,350,Audio Devices,Microphones
MC-8994,Headphone Assembly Machine,2022-03-28,2022-04-18,420,Audio Devices,Headphones
MC-4028,Microphone Assembly Machine,2022-12-29,2023-01-12,350,Audio Devices,Microphones
MC-1540,Microphone Assembly Machine,2022-06-06,2022-06-13,175,Audio Devices,Microphones
MC-2753,Microphone Assembly Machine,2022-05-09,2022-05-23,350,Audio Devices,Microphones
MC-9796,Camera Assembly Machine,2022-09-03,2022-09-17,140,Video Devices,Cameras
MC-4699,Amplifier Assembly Machine,2022-06-27,2022-07-04,105,Audio Devices,Amplifiers
MC-5356,Amplifier Assembly Machine,2022-06-22,2022-06-29,105,Audio Devices,Amplifiers
MC-4361,Camera Assembly Machine,2022-12-14,2023-01-04,210,Video Devices,Cameras
MC-8517,Speaker Assembly Machine,2022-03-14,2022-03-21,210,Audio Devices,Speakers
MC-8333,Amplifier Assembly Machine,2022-05-21,2022-06-04,210,Audio Devices,Amplifiers
MC-5760,Speaker Assembly Machine,2022-10-07,2022-10-21,420,Audio Devices,Speakers
MC-6994,Headphone Assembly Machine,2022-02-15,2022-03-08,420,Audio Devices,Headphones
MC-8331,Headphone Assembly Machine,2022-09-02,2022-09-23,420,Audio Devices,Headphones
MC-3921,Speaker Assembly Machine,2022-12-24,2023-01-14,630,Audio Devices,Speakers
MC-6526,Microphone Assembly Machine,2022-05-05,2022-05-19,350,Audio Devices,Microphones
MC-4561,Headphone Assembly Machine,2022-06-15,2022-06-22,140,Audio Devices,Headphones
MC-4083,Camera Assembly Machine,2022-01-17,2022-01-24,70,Video Devices,Cameras
MC-9932,Amplifier Assembly Machine,2022-12-29,2023-01-05,105,Audio Devices,Amplifiers
MC-5415,Amplifier Assembly Machine,2022-07-13,2022-08-03,315,Audio Devices,Amplifiers
MC-7439,Speaker Assembly Machine,2022-04-09,2022-04-16,210,Audio Devices,Speakers
MC-6698,Speaker Assembly Machine,2022-11-03,2022-11-17,420,Audio Devices,Speakers
MC-3304,Camera Assembly Machine,2022-01-21,2022-02-04,140,Video Devices,Cameras
MC-1857,Headphone Assembly Machine,2022-05-17,2022-05-24,140,Audio Devices,Headphones
MC-2099,Headphone Assembly Machine,2022-06-09,2022-06-16,140,Audio Devices,Headphones
MC-5356,Amplifier Assembly Machine,2022-01-04,2022-01-11,105,Audio Devices,Amplifiers
MC-9484,Speaker Assembly Machine,2022-10-29,2022-11-12,420,Audio Devices,Speakers
MC-1964,Camera Assembly Machine,2022-10-20,2022-11-10,210,Video Devices,Cameras
MC-1517,Camera Assembly Machine,2022-02-05,2022-02-26,210,Video Devices,Cameras
MC-5097,Headphone Assembly Machine,2022-08-14,2022-09-04,420,Audio Devices,Headphones
MC-2268,Amplifier Assembly Machine,2022-04-04,2022-04-11,105,Audio Devices,Amplifiers
MC-8537,Camera Assembly Machine,2022-11-01,2022-11-08,70,Video Devices,Cameras
MC-4306,Microphone Assembly Machine,2022-04-24,2022-05-08,350,Audio Devices,Microphones
MC-5970,Microphone Assembly Machine,2022-11-22,2022-11-29,175,Audio Devices,Microphones
MC-4665,Camera Assembly Machine,2022-11-10,2022-12-01,210,Video Devices,Cameras
MC-7672,Camera Assembly Machine,2022-03-29,2022-04-19,210,Video Devices,Cameras
MC-3232,Speaker Assembly Machine,2022-07-11,2022-07-25,420,Audio Devices,Speakers
MC-7997,Amplifier Assembly Machine,2022-04-17,2022-04-24,105,Audio Devices,Amplifiers
MC-8624,Camera Assembly Machine,2022-12-04,2022-12-11,70,Video Devices,Cameras
MC-8657,Headphone Assembly Machine,2022-08-04,2022-08-25,420,Audio Devices,Headphones
MC-1986,Amplifier Assembly Machine,2022-07-10,2022-07-17,105,Audio Devices,Amplifiers
MC-2644,Amplifier Assembly Machine,2022-11-14,2022-11-21,105,Audio Devices,Amplifiers
MC-3402,Speaker Assembly Machine,2022-12-09,2022-12-16,210,Audio Devices,Speakers
MC-3217,Speaker Assembly Machine,2022-03-01,2022-03-15,420,Audio Devices,Speakers
MC-1848,Microphone Assembly Machine,2022-03-30,2022-04-13,350,Audio Devices,Microphones
MC-5162,Microphone Assembly Machine,2022-12-05,2022-12-12,175,Audio Devices,Microphones
MC-4460,Headphone Assembly Machine,2022-10-19,2022-10-26,140,Audio Devices,Headphones
MC-7151,Microphone Assembly Machine,2022-10-01,2022-10-22,525,Audio Devices,Microphones
MC-9534,Microphone Assembly Machine,2022-12-21,2023-01-11,525,Audio Devices,Microphones
MC-5774,Amplifier Assembly Machine,2022-11-01,2022-11-08,105,Audio Devices,Amplifiers
MC-2542,Microphone Assembly Machine,2022-06-30,2022-07-14,350,Audio Devices,Microphones
MC-9766,Microphone Assembly Machine,2022-12-21,2023-01-11,525,Audio Devices,Microphones
MC-8739,Amplifier Assembly Machine,2022-11-07,2022-11-28,315,Audio Devices,Amplifiers
MC-7373,Headphone Assembly Machine,2022-08-28,2022-09-11,280,Audio Devices,Headphones
MC-8855,Camera Assembly Machine,2022-09-28,2022-10-12,140,Video Devices,Cameras
MC-3466,Camera Assembly Machine,2022-03-25,2022-04-08,140,Video Devices,Cameras
MC-4104,Amplifier Assembly Machine,2022-05-25,2022-06-08,210,Audio Devices,Amplifiers
MC-7978,Speaker Assembly Machine,2022-03-29,2022-04-05,210,Audio Devices,Speakers
MC-3071,Headphone Assembly Machine,2022-05-22,2022-06-05,280,Audio Devices,Headphones
MC-9957,Microphone Assembly Machine,2022-01-16,2022-02-06,525,Audio Devices,Microphones
MC-6563,Headphone Assembly Machine,2022-02-22,2022-03-08,280,Audio Devices,Headphones
MC-8275,Amplifier Assembly Machine,2022-09-19,2022-10-10,315,Audio Devices,Amplifiers
MC-2846,Speaker Assembly Machine,2022-02-03,2022-02-24,630,Audio Devices,Speakers
MC-6376,Speaker Assembly Machine,2022-10-09,2022-10-23,420,Audio Devices,Speakers
MC-7587,Headphone Assembly Machine,2022-11-20,2022-12-11,420,Audio Devices,Headphones
MC-4158,Camera Assembly Machine,2022-08-04,2022-08-25,210,Video Devices,Cameras
MC-1977,Camera Assembly Machine,2022-08-21,2022-09-11,210,Video Devices,Cameras
MC-6463,Microphone Assembly Machine,2022-10-05,2022-10-19,350,Audio Devices,Microphones
MC-4168,Camera Assembly Machine,2022-06-19,2022-06-26,70,Video Devices,Cameras
MC-3842,Headphone Assembly Machine,2022-06-07,2022-06-14,140,Audio Devices,Headphones
MC-3079,Amplifier Assembly Machine,2022-05-08,2022-05-29,315,Audio Devices,Amplifiers
MC-6746,Camera Assembly Machine,2022-11-27,2022-12-11,140,Video Devices,Cameras
MC-6329,Amplifier Assembly Machine,2022-12-25,2023-01-15,315,Audio Devices,Amplifiers
MC-8902,Microphone Assembly Machine,2022-04-05,2022-04-19,350,Audio Devices,Microphones
MC-1016,Amplifier Assembly Machine,2022-12-15,2022-12-22,105,Audio Devices,Amplifiers
MC-9517,Camera Assembly Machine,2022-01-31,2022-02-07,70,Video Devices,Cameras
MC-6637,Camera Assembly Machine,2022-06-10,2022-06-24,140,Video Devices,Cameras
MC-8502,Headphone Assembly Machine,2022-03-07,2022-03-14,140,Audio Devices,Headphones
MC-1044,Amplifier Assembly Machine,2022-08-18,2022-09-01,210,Audio Devices,Amplifiers
MC-9707,Headphone Assembly Machine,2022-10-14,2022-10-21,140,Audio Devices,Headphones
MC-8109,Camera Assembly Machine,2022-02-26,2022-03-05,70,Video Devices,Cameras
MC-8222,Speaker Assembly Machine,2022-01-19,2022-01-26,210,Audio Devices,Speakers
MC-6288,Speaker Assembly Machine,2022-12-24,2023-01-07,420,Audio Devices,Speakers
MC-2784,Camera Assembly Machine,2022-09-30,2022-10-07,70,Video Devices,Cameras
MC-2549,Headphone Assembly Machine,2022-09-26,2022-10-17,420,Audio Devices,Headphones
MC-6634,Headphone Assembly Machine,2022-06-12,2022-07-03,420,Audio Devices,Headphones
MC-3437,Headphone Assembly Machine,2022-05-07,2022-05-21,280,Audio Devices,Headphones
MC-6618,Amplifier Assembly Machine,2022-04-05,2022-04-12,105,Audio Devices,Amplifiers
MC-4458,Amplifier Assembly Machine,2022-09-03,2022-09-17,210,Audio Devices,Amplifiers
MC-4716,Amplifier Assembly Machine,2022-07-06,2022-07-27,315,Audio Devices,Amplifiers
MC-5081,Camera Assembly Machine,2022-02-26,2022-03-05,70,Video Devices,Cameras
MC-4628,Camera Assembly Machine,2022-05-29,2022-06-12,140,Video Devices,Cameras
MC-2145,Camera Assembly Machine,2022-05-08,2022-05-22,140,Video Devices,Cameras
MC-5017,Headphone Assembly Machine,2022-02-18,2022-03-04,280,Audio Devices,Headphones
MC-4375,Speaker Assembly Machine,2023-11-30,2023-12-07,210,Audio Devices,Speakers
MC-5843,Camera Assembly Machine,2023-10-28,2023-11-11,140,Video Devices,Cameras
MC-4411,Speaker Assembly Machine,2023-05-19,2023-05-26,210,Audio Devices,Speakers
MC-3383,Amplifier Assembly Machine,2023-10-19,2023-10-26,105,Audio Devices,Amplifiers
MC-5946,Headphone Assembly Machine,2023-05-17,2023-05-31,280,Audio Devices,Headphones
MC-8735,Microphone Assembly Machine,2023-06-01,2023-06-15,350,Audio Devices,Microphones
MC-5509,Camera Assembly Machine,2023-03-30,2023-04-06,70,Video Devices,Cameras
MC-3555,Microphone Assembly Machine,2023-11-23,2023-12-07,350,Audio Devices,Microphones
MC-8905,Camera Assembly Machine,2023-10-19,2023-11-02,140,Video Devices,Cameras
MC-4779,Microphone Assembly Machine,2023-10-14,2023-11-04,525,Audio Devices,Microphones
MC-4132,Headphone Assembly Machine,2023-09-14,2023-09-28,280,Audio Devices,Headphones
MC-9259,Speaker Assembly Machine,2023-12-11,2023-12-18,210,Audio Devices,Speakers
MC-6347,Microphone Assembly Machine,2023-01-22,2023-02-05,350,Audio Devices,Microphones
MC-5213,Microphone Assembly Machine,2023-05-14,2023-05-28,350,Audio Devices,Microphones
MC-4359,Camera Assembly Machine,2023-03-24,2023-04-07,140,Video Devices,Cameras
MC-1790,Speaker Assembly Machine,2023-03-18,2023-04-08,630,Audio Devices,Speakers
MC-5295,Headphone Assembly Machine,2023-12-11,2023-12-25,280,Audio Devices,Headphones
MC-2112,Microphone Assembly Machine,2023-02-23,2023-03-09,350,Audio Devices,Microphones
MC-3504,Camera Assembly Machine,2023-03-20,2023-04-10,210,Video Devices,Cameras
MC-7735,Speaker Assembly Machine,2023-06-18,2023-07-02,420,Audio Devices,Speakers
MC-9404,Headphone Assembly Machine,2023-11-28,2023-12-12,280,Audio Devices,Headphones
MC-2339,Speaker Assembly Machine,2023-04-14,2023-04-28,420,Audio Devices,Speakers
MC-7365,Microphone Assembly Machine,2023-09-24,2023-10-08,350,Audio Devices,Microphones
MC-5497,Microphone Assembly Machine,2023-11-30,2023-12-07,175,Audio Devices,Microphones
MC-5174,Microphone Assembly Machine,2023-06-24,2023-07-01,175,Audio Devices,Microphones
MC-6309,Headphone Assembly Machine,2023-02-20,2023-03-13,420,Audio Devices,Headphones
MC-4810,Headphone Assembly Machine,2023-10-15,2023-10-22,140,Audio Devices,Headphones
MC-5087,Microphone Assembly Machine,2023-05-28,2023-06-04,175,Audio Devices,Microphones
MC-7267,Camera Assembly Machine,2023-09-20,2023-10-04,140,Video Devices,Cameras
MC-3395,Speaker Assembly Machine,2023-07-17,2023-08-07,630,Audio Devices,Speakers
MC-4497,Camera Assembly Machine,2023-08-13,2023-08-20,70,Video Devices,Cameras
MC-4658,Camera Assembly Machine,2023-06-15,2023-07-06,210,Video Devices,Cameras
MC-7347,Amplifier Assembly Machine,2023-10-04,2023-10-11,105,Audio Devices,Amplifiers
MC-6553,Amplifier Assembly Machine,2023-02-16,2023-03-02,210,Audio Devices,Amplifiers
MC-3842,Speaker Assembly Machine,2023-11-24,2023-12-01,210,Audio Devices,Speakers
MC-2311,Headphone Assembly Machine,2023-01-16,2023-01-30,280,Audio Devices,Headphones
MC-6870,Amplifier Assembly Machine,2023-08-05,2023-08-12,105,Audio Devices,Amplifiers
MC-1246,Camera Assembly Machine,2023-06-26,2023-07-03,70,Video Devices,Cameras
MC-9132,Camera Assembly Machine,2023-04-04,2023-04-25,210,Video Devices,Cameras
MC-5619,Headphone Assembly Machine,2023-04-16,2023-04-30,280,Audio Devices,Headphones
MC-5043,Amplifier Assembly Machine,2023-01-17,2023-02-07,315,Audio Devices,Amplifiers
MC-4271,Speaker Assembly Machine,2023-09-18,2023-10-09,630,Audio Devices,Speakers
MC-2067,Speaker Assembly Machine,2023-07-12,2023-07-19,210,Audio Devices,Speakers
MC-7158,Camera Assembly Machine,2023-12-07,2023-12-21,140,Video Devices,Cameras
MC-5393,Microphone Assembly Machine,2023-02-04,2023-02-18,350,Audio Devices,Microphones
MC-5526,Microphone Assembly Machine,2023-02-13,2023-03-06,525,Audio Devices,Microphones
MC-5368,Camera Assembly Machine,2023-08-17,2023-08-24,70,Video Devices,Cameras
MC-7861,Camera Assembly Machine,2023-02-01,2023-02-15,140,Video Devices,Cameras
MC-4866,Microphone Assembly Machine,2023-11-15,2023-11-22,175,Audio Devices,Microphones
MC-1815,Speaker Assembly Machine,2023-10-14,2023-10-21,210,Audio Devices,Speakers
MC-5861,Camera Assembly Machine,2023-12-29,2024-01-19,210,Video Devices,Cameras
MC-8946,Headphone Assembly Machine,2023-12-05,2023-12-19,280,Audio Devices,Headphones
MC-7704,Headphone Assembly Machine,2023-10-16,2023-11-06,420,Audio Devices,Headphones
MC-3212,Amplifier Assembly Machine,2023-02-24,2023-03-03,105,Audio Devices,Amplifiers
MC-9744,Amplifier Assembly Machine,2023-09-10,2023-10-01,315,Audio Devices,Amplifiers
MC-3221,Headphone Assembly Machine,2023-06-20,2023-07-04,280,Audio Devices,Headphones
MC-8976,Headphone Assembly Machine,2023-09-13,2023-09-20,140,Audio Devices,Headphones
MC-3841,Microphone Assembly Machine,2023-07-05,2023-07-12,175,Audio Devices,Microphones
MC-5907,Microphone Assembly Machine,2023-05-24,2023-05-31,175,Audio Devices,Microphones
MC-5556,Microphone Assembly Machine,2023-06-04,2023-06-11,175,Audio Devices,Microphones
MC-3965,Microphone Assembly Machine,2023-08-16,2023-08-23,175,Audio Devices,Microphones
MC-9574,Camera Assembly Machine,2023-04-05,2023-04-12,70,Video Devices,Cameras
MC-6604,Camera Assembly Machine,2023-02-14,2023-02-28,140,Video Devices,Cameras
MC-1229,Speaker Assembly Machine,2023-11-07,2023-11-21,420,Audio Devices,Speakers
MC-1396,Speaker Assembly Machine,2023-01-08,2023-01-29,630,Audio Devices,Speakers
MC-5884,Camera Assembly Machine,2023-03-03,2023-03-10,70,Video Devices,Cameras
MC-4154,Amplifier Assembly Machine,2023-12-18,2024-01-08,315,Audio Devices,Amplifiers
MC-7457,Amplifier Assembly Machine,2023-10-08,2023-10-22,210,Audio Devices,Amplifiers
MC-6502,Headphone Assembly Machine,2023-12-06,2023-12-20,280,Audio Devices,Headphones
MC-3176,Amplifier Assembly Machine,2023-08-28,2023-09-04,105,Audio Devices,Amplifiers
MC-9055,Camera Assembly Machine,2023-03-09,2023-03-16,70,Video Devices,Cameras
MC-4974,Amplifier Assembly Machine,2023-08-29,2023-09-12,210,Audio Devices,Amplifiers
MC-6114,Speaker Assembly Machine,2023-04-12,2023-04-26,420,Audio Devices,Speakers
MC-7325,Speaker Assembly Machine,2023-08-20,2023-08-27,210,Audio Devices,Speakers
MC-1823,Headphone Assembly Machine,2023-09-28,2023-10-05,140,Audio Devices,Headphones
MC-5126,Speaker Assembly Machine,2023-02-05,2023-02-19,420,Audio Devices,Speakers
MC-6553,Speaker Assembly Machine,2023-07-04,2023-07-25,630,Audio Devices,Speakers
MC-1445,Speaker Assembly Machine,2023-12-13,2024-01-03,630,Audio Devices,Speakers
MC-2822,Headphone Assembly Machine,2023-08-24,2023-09-07,280,Audio Devices,Headphones
MC-6244,Speaker Assembly Machine,2023-01-01,2023-01-22,630,Audio Devices,Speakers
MC-5909,Camera Assembly Machine,2023-07-24,2023-07-31,70,Video Devices,Cameras
MC-2879,Amplifier Assembly Machine,2023-02-15,2023-03-01,210,Audio Devices,Amplifiers
MC-2607,Camera Assembly Machine,2023-05-15,2023-06-05,210,Video Devices,Cameras
MC-6914,Amplifier Assembly Machine,2023-02-24,2023-03-10,210,Audio Devices,Amplifiers
MC-4312,Camera Assembly Machine,2023-07-08,2023-07-15,70,Video Devices,Cameras
MC-3701,Amplifier Assembly Machine,2023-05-29,2023-06-05,105,Audio Devices,Amplifiers
MC-8683,Speaker Assembly Machine,2023-07-26,2023-08-16,630,Audio Devices,Speakers
MC-5430,Speaker Assembly Machine,2023-07-17,2023-08-07,630,Audio Devices,Speakers
MC-9473,Speaker Assembly Machine,2023-05-30,2023-06-13,420,Audio Devices,Speakers
MC-1820,Camera Assembly Machine,2023-04-10,2023-04-17,70,Video Devices,Cameras
MC-2732,Microphone Assembly Machine,2023-03-29,2023-04-12,350,Audio Devices,Microphones
MC-3038,Microphone Assembly Machine,2023-09-02,2023-09-23,525,Audio Devices,Microphones
MC-8492,Speaker Assembly Machine,2023-12-27,2024-01-17,630,Audio Devices,Speakers
MC-2434,Speaker Assembly Machine,2023-10-10,2023-10-31,630,Audio Devices,Speakers
MC-6225,Microphone Assembly Machine,2023-02-23,2023-03-09,350,Audio Devices,Microphones
MC-9014,Speaker Assembly Machine,2023-07-02,2023-07-23,630,Audio Devices,Speakers
MC-9790,Speaker Assembly Machine,2023-05-16,2023-06-06,630,Audio Devices,Speakers
MC-7902,Headphone Assembly Machine,2023-10-03,2023-10-24,420,Audio Devices,Headphones
MC-2299,Microphone Assembly Machine,2023-04-05,2023-04-12,175,Audio Devices,Microphones
MC-8115,Microphone Assembly Machine,2023-09-09,2023-09-30,525,Audio Devices,Microphones
MC-1483,Camera Assembly Machine,2023-03-11,2023-04-01,210,Video Devices,Cameras
MC-8080,Microphone Assembly Machine,2023-01-12,2023-01-26,350,Audio Devices,Microphones
MC-5197,Camera Assembly Machine,2023-11-03,2023-11-17,140,Video Devices,Cameras
MC-3631,Headphone Assembly Machine,2023-08-26,2023-09-09,280,Audio Devices,Headphones
MC-8398,Camera Assembly Machine,2023-06-01,2023-06-08,70,Video Devices,Cameras
MC-5415,Microphone Assembly Machine,2023-07-04,2023-07-25,525,Audio Devices,Microphones
MC-5215,Microphone Assembly Machine,2023-05-12,2023-05-19,175,Audio Devices,Microphones
MC-2717,Headphone Assembly Machine,2023-05-04,2023-05-11,140,Audio Devices,Headphones
MC-5391,Headphone Assembly Machine,2023-12-12,2023-12-26,280,Audio Devices,Headphones
MC-3041,Headphone Assembly Machine,2023-09-12,2023-10-03,420,Audio Devices,Headphones
MC-6824,Microphone Assembly Machine,2023-01-08,2023-01-29,525,Audio Devices,Microphones
MC-3140,Microphone Assembly Machine,2023-10-12,2023-11-02,525,Audio Devices,Microphones
MC-3710,Camera Assembly Machine,2023-09-15,2023-09-29,140,Video Devices,Cameras
MC-8443,Amplifier Assembly Machine,2023-12-22,2024-01-05,210,Audio Devices,Amplifiers
MC-8530,Amplifier Assembly Machine,2023-12-08,2023-12-22,210,Audio Devices,Amplifiers
MC-4800,Camera Assembly Machine,2023-06-27,2023-07-18,210,Video Devices,Cameras
MC-1073,Amplifier Assembly Machine,2023-09-26,2023-10-03,105,Audio Devices,Amplifiers
MC-7019,Speaker Assembly Machine,2023-02-21,2023-03-07,420,Audio Devices,Speakers
MC-9951,Amplifier Assembly Machine,2023-10-20,2023-11-10,315,Audio Devices,Amplifiers
MC-5709,Speaker Assembly Machine,2023-06-30,2023-07-21,630,Audio Devices,Speakers
MC-6935,Amplifier Assembly Machine,2023-12-02,2023-12-09,105,Audio Devices,Amplifiers
MC-1197,Microphone Assembly Machine,2023-02-09,2023-02-16,175,Audio Devices,Microphones
MC-3479,Microphone Assembly Machine,2023-05-20,2023-06-03,350,Audio Devices,Microphones
MC-3324,Camera Assembly Machine,2023-12-23,2024-01-06,140,Video Devices,Cameras
MC-1599,Headphone Assembly Machine,2023-09-19,2023-10-10,420,Audio Devices,Headphones
MC-9463,Headphone Assembly Machine,2023-02-24,2023-03-17,420,Audio Devices,Headphones
MC-3176,Speaker Assembly Machine,2023-02-16,2023-03-02,420,Audio Devices,Speakers
MC-9021,Amplifier Assembly Machine,2023-11-10,2023-12-01,315,Audio Devices,Amplifiers
MC-7586,Headphone Assembly Machine,2023-09-17,2023-10-01,280,Audio Devices,Headphones
MC-7137,Microphone Assembly Machine,2023-07-08,2023-07-29,525,Audio Devices,Microphones
MC-4802,Headphone Assembly Machine,2023-08-30,2023-09-06,140,Audio Devices,Headphones
MC-1319,Microphone Assembly Machine,2023-09-01,2023-09-22,525,Audio Devices,Microphones
MC-2204,Speaker Assembly Machine,2023-02-13,2023-02-27,420,Audio Devices,Speakers
MC-4302,Amplifier Assembly Machine,2023-07-09,2023-07-23,210,Audio Devices,Amplifiers
MC-5329,Speaker Assembly Machine,2023-03-26,2023-04-16,630,Audio Devices,Speakers
MC-9107,Speaker Assembly Machine,2023-02-14,2023-02-21,210,Audio Devices,Speakers
MC-6699,Camera Assembly Machine,2023-11-23,2023-11-30,70,Video Devices,Cameras
MC-6530,Headphone Assembly Machine,2023-08-05,2023-08-26,420,Audio Devices,Headphones
MC-7529,Amplifier Assembly Machine,2023-03-29,2023-04-05,105,Audio Devices,Amplifiers
MC-8637,Amplifier Assembly Machine,2023-06-07,2023-06-14,105,Audio Devices,Amplifiers
MC-2904,Amplifier Assembly Machine,2023-12-04,2023-12-25,315,Audio Devices,Amplifiers
MC-7532,Speaker Assembly Machine,2023-04-23,2023-05-07,420,Audio Devices,Speakers
MC-7650,Speaker Assembly Machine,2023-11-21,2023-12-05,420,Audio Devices,Speakers
MC-7651,Camera Assembly Machine,2023-01-11,2023-01-25,140,Video Devices,Cameras
MC-4869,Microphone Assembly Machine,2023-06-02,2023-06-09,175,Audio Devices,Microphones
MC-3175,Speaker Assembly Machine,2023-09-22,2023-10-13,630,Audio Devices,Speakers
MC-5690,Headphone Assembly Machine,2023-11-16,2023-11-30,280,Audio Devices,Headphones
MC-8772,Headphone Assembly Machine,2023-10-15,2023-10-29,280,Audio Devices,Headphones
MC-4748,Headphone Assembly Machine,2023-08-12,2023-08-19,140,Audio Devices,Headphones
MC-2141,Camera Assembly Machine,2023-10-12,2023-10-26,140,Video Devices,Cameras
MC-5176,Camera Assembly Machine,2023-05-03,2023-05-24,210,Video Devices,Cameras
MC-5893,Headphone Assembly Machine,2023-02-15,2023-02-22,140,Audio Devices,Headphones
MC-2715,Speaker Assembly Machine,2023-10-22,2023-11-12,630,Audio Devices,Speakers
MC-8720,Amplifier Assembly Machine,2023-07-03,2023-07-17,210,Audio Devices,Amplifiers
MC-3989,Speaker Assembly Machine,2023-07-24,2023-08-07,420,Audio Devices,Speakers
MC-2558,Microphone Assembly Machine,2023-12-26,2024-01-02,175,Audio Devices,Microphones
MC-6259,Camera Assembly Machine,2023-12-14,2023-12-21,70,Video Devices,Cameras
MC-5258,Camera Assembly Machine,2023-04-09,2023-04-23,140,Video Devices,Cameras
MC-9358,Camera Assembly Machine,2023-03-01,2023-03-22,210,Video Devices,Cameras
MC-8740,Speaker Assembly Machine,2023-05-16,2023-05-30,420,Audio Devices,Speakers
MC-2039,Microphone Assembly Machine,2023-11-10,2023-11-17,175,Audio Devices,Microphones
MC-6646,Microphone Assembly Machine,2023-10-30,2023-11-20,525,Audio Devices,Microphones
MC-1964,Microphone Assembly Machine,2023-01-28,2023-02-04,175,Audio Devices,Microphones
MC-5351,Microphone Assembly Machine,2023-12-14,2024-01-04,525,Audio Devices,Microphones
MC-3639,Headphone Assembly Machine,2023-01-17,2023-01-31,280,Audio Devices,Headphones
MC-3049,Microphone Assembly Machine,2023-10-05,2023-10-19,350,Audio Devices,Microphones
MC-2812,Speaker Assembly Machine,2023-01-10,2023-01-24,420,Audio Devices,Speakers
MC-7362,Camera Assembly Machine,2023-09-02,2023-09-09,70,Video Devices,Cameras
MC-3958,Camera Assembly Machine,2023-05-03,2023-05-17,140,Video Devices,Cameras
MC-2478,Camera Assembly Machine,2023-12-16,2023-12-30,140,Video Devices,Cameras
MC-5330,Microphone Assembly Machine,2023-09-15,2023-09-22,175,Audio Devices,Microphones
MC-7908,Amplifier Assembly Machine,2023-04-20,2023-05-04,210,Audio Devices,Amplifiers
MC-4725,Camera Assembly Machine,2023-12-17,2023-12-24,70,Video Devices,Cameras
MC-2912,Camera Assembly Machine,2023-12-03,2023-12-10,70,Video Devices,Cameras
MC-8481,Amplifier Assembly Machine,2023-06-09,2023-06-23,210,Audio Devices,Amplifiers
MC-1165,Headphone Assembly Machine,2023-03-23,2023-03-30,140,Audio Devices,Headphones
MC-5763,Headphone Assembly Machine,2023-02-24,2023-03-10,280,Audio Devices,Headphones
MC-7194,Microphone Assembly Machine,2023-01-09,2023-01-23,350,Audio Devices,Microphones
MC-8940,Camera Assembly Machine,2023-11-19,2023-11-26,70,Video Devices,Cameras
MC-7409,Microphone Assembly Machine,2023-12-22,2024-01-05,350,Audio Devices,Microphones
MC-9613,Headphone Assembly Machine,2023-06-20,2023-07-04,280,Audio Devices,Headphones
MC-9836,Camera Assembly Machine,2023-11-29,2023-12-06,70,Video Devices,Cameras
MC-6998,Amplifier Assembly Machine,2023-03-12,2023-03-19,105,Audio Devices,Amplifiers
MC-7353,Microphone Assembly Machine,2023-04-06,2023-04-20,350,Audio Devices,Microphones
MC-3666,Camera Assembly Machine,2023-01-14,2023-01-28,140,Video Devices,Cameras
MC-6970,Microphone Assembly Machine,2023-01-13,2023-01-27,350,Audio Devices,Microphones
MC-5201,Headphone Assembly Machine,2023-11-27,2023-12-04,140,Audio Devices,Headphones
MC-6941,Amplifier Assembly Machine,2023-07-16,2023-07-23,105,Audio Devices,Amplifiers
MC-4239,Amplifier Assembly Machine,2023-10-10,2023-10-17,105,Audio Devices,Amplifiers
MC-3417,Amplifier Assembly Machine,2023-11-06,2023-11-13,105,Audio Devices,Amplifiers
MC-7437,Headphone Assembly Machine,2023-08-13,2023-08-20,140,Audio Devices,Headphones
MC-3075,Camera Assembly Machine,2023-04-03,2023-04-24,210,Video Devices,Cameras
MC-2723,Microphone Assembly Machine,2023-10-16,2023-10-23,175,Audio Devices,Microphones
MC-2260,Amplifier Assembly Machine,2023-08-15,2023-09-05,315,Audio Devices,Amplifiers
MC-1663,Microphone Assembly Machine,2023-03-31,2023-04-14,350,Audio Devices,Microphones
MC-1964,Speaker Assembly Machine,2023-08-19,2023-09-09,630,Audio Devices,Speakers
MC-5084,Headphone Assembly Machine,2023-09-30,2023-10-21,420,Audio Devices,Headphones
MC-3432,Microphone Assembly Machine,2023-07-22,2023-08-12,525,Audio Devices,Microphones
MC-5776,Amplifier Assembly Machine,2023-11-26,2023-12-17,315,Audio Devices,Amplifiers
MC-7249,Camera Assembly Machine,2023-11-19,2023-12-10,210,Video Devices,Cameras
MC-8356,Camera Assembly Machine,2024-10-07,2024-10-14,70,Video Devices,Cameras
MC-3266,Microphone Assembly Machine,2024-08-16,2024-08-30,350,Audio Devices,Microphones
MC-7542,Amplifier Assembly Machine,2024-02-07,2024-02-28,315,Audio Devices,Amplifiers
MC-3322,Headphone Assembly Machine,2024-01-12,2024-02-02,420,Audio Devices,Headphones
MC-4607,Speaker Assembly Machine,2024-08-24,2024-08-31,210,Audio Devices,Speakers
MC-2239,Amplifier Assembly Machine,2024-05-20,2024-05-27,105,Audio Devices,Amplifiers
MC-1669,Amplifier Assembly Machine,2024-02-22,2024-02-29,105,Audio Devices,Amplifiers
MC-1608,Microphone Assembly Machine,2024-05-07,2024-05-28,525,Audio Devices,Microphones
MC-7036,Speaker Assembly Machine,2024-10-14,2024-10-28,420,Audio Devices,Speakers
MC-9671,Speaker Assembly Machine,2024-02-08,2024-02-15,210,Audio Devices,Speakers
MC-4904,Speaker Assembly Machine,2024-02-13,2024-02-27,420,Audio Devices,Speakers
MC-5187,Camera Assembly Machine,2024-04-15,2024-05-06,210,Video Devices,Cameras
MC-1458,Camera Assembly Machine,2024-05-31,2024-06-21,210,Video Devices,Cameras
MC-2227,Amplifier Assembly Machine,2024-01-23,2024-02-13,315,Audio Devices,Amplifiers
MC-5970,Headphone Assembly Machine,2024-06-10,2024-06-24,280,Audio Devices,Headphones
MC-5481,Camera Assembly Machine,2024-01-09,2024-01-23,140,Video Devices,Cameras
MC-7958,Amplifier Assembly Machine,2024-06-25,2024-07-16,315,Audio Devices,Amplifiers
MC-5482,Microphone Assembly Machine,2024-08-22,2024-09-12,525,Audio Devices,Microphones
MC-7653,Speaker Assembly Machine,2024-09-08,2024-09-29,630,Audio Devices,Speakers
MC-8493,Headphone Assembly Machine,2024-08-05,2024-08-26,420,Audio Devices,Headphones
MC-4653,Headphone Assembly Machine,2024-11-27,2024-12-04,140,Audio Devices,Headphones
MC-3576,Microphone Assembly Machine,2024-07-10,2024-07-31,525,Audio Devices,Microphones
MC-4706,Headphone Assembly Machine,2024-03-30,2024-04-06,140,Audio Devices,Headphones
MC-9951,Camera Assembly Machine,2024-07-03,2024-07-24,210,Video Devices,Cameras
MC-3090,Microphone Assembly Machine,2024-10-21,2024-11-11,525,Audio Devices,Microphones
MC-8981,Speaker Assembly Machine,2024-02-09,2024-02-16,210,Audio Devices,Speakers
MC-9103,Amplifier Assembly Machine,2024-02-15,2024-02-22,105,Audio Devices,Amplifiers
MC-6342,Microphone Assembly Machine,2024-05-01,2024-05-22,525,Audio Devices,Microphones
MC-5979,Amplifier Assembly Machine,2024-04-28,2024-05-19,315,Audio Devices,Amplifiers
MC-1210,Amplifier Assembly Machine,2024-12-19,2024-12-26,105,Audio Devices,Amplifiers
MC-7183,Camera Assembly Machine,2024-09-15,2024-10-06,210,Video Devices,Cameras
MC-1546,Amplifier Assembly Machine,2024-11-30,2024-12-07,105,Audio Devices,Amplifiers
MC-2717,Amplifier Assembly Machine,2024-12-30,2025-01-13,210,Audio Devices,Amplifiers
MC-8084,Camera Assembly Machine,2024-07-29,2024-08-05,70,Video Devices,Cameras
MC-5705,Amplifier Assembly Machine,2024-11-19,2024-12-10,315,Audio Devices,Amplifiers
MC-1890,Camera Assembly Machine,2024-02-08,2024-02-29,210,Video Devices,Cameras
MC-8869,Amplifier Assembly Machine,2024-05-09,2024-05-30,315,Audio Devices,Amplifiers
MC-3004,Amplifier Assembly Machine,2024-08-26,2024-09-16,315,Audio Devices,Amplifiers
MC-2470,Headphone Assembly Machine,2024-06-21,2024-06-28,140,Audio Devices,Headphones
MC-5635,Camera Assembly Machine,2024-07-10,2024-07-24,140,Video Devices,Cameras
MC-7348,Camera Assembly Machine,2024-11-17,2024-12-08,210,Video Devices,Cameras
MC-1265,Camera Assembly Machine,2024-01-28,2024-02-11,140,Video Devices,Cameras
MC-2103,Camera Assembly Machine,2024-12-21,2025-01-11,210,Video Devices,Cameras
MC-7030,Headphone Assembly Machine,2024-07-06,2024-07-20,280,Audio Devices,Headphones
MC-6893,Speaker Assembly Machine,2024-02-27,2024-03-05,210,Audio Devices,Speakers
MC-4789,Speaker Assembly Machine,2024-01-26,2024-02-02,210,Audio Devices,Speakers
MC-5359,Camera Assembly Machine,2024-05-21,2024-06-04,140,Video Devices,Cameras
MC-5373,Camera Assembly Machine,2024-07-30,2024-08-06,70,Video Devices,Cameras
MC-1215,Camera Assembly Machine,2024-07-08,2024-07-15,70,Video Devices,Cameras
MC-7047,Camera Assembly Machine,2024-06-03,2024-06-10,70,Video Devices,Cameras
MC-4019,Camera Assembly Machine,2024-02-21,2024-02-28,70,Video Devices,Cameras
MC-6119,Microphone Assembly Machine,2024-05-15,2024-05-29,350,Audio Devices,Microphones
MC-7723,Amplifier Assembly Machine,2024-08-15,2024-09-05,315,Audio Devices,Amplifiers
MC-8348,Amplifier Assembly Machine,2024-10-20,2024-11-10,315,Audio Devices,Amplifiers
MC-9171,Headphone Assembly Machine,2024-03-08,2024-03-29,420,Audio Devices,Headphones
MC-2109,Amplifier Assembly Machine,2024-01-25,2024-02-08,210,Audio Devices,Amplifiers
MC-9926,Camera Assembly Machine,2024-11-27,2024-12-04,70,Video Devices,Cameras
MC-8224,Headphone Assembly Machine,2024-05-04,2024-05-11,140,Audio Devices,Headphones
MC-6874,Camera Assembly Machine,2024-04-27,2024-05-18,210,Video Devices,Cameras
MC-4817,Headphone Assembly Machine,2024-02-16,2024-02-23,140,Audio Devices,Headphones
MC-2107,Speaker Assembly Machine,2024-04-19,2024-05-10,630,Audio Devices,Speakers
MC-6794,Amplifier Assembly Machine,2024-04-01,2024-04-08,105,Audio Devices,Amplifiers
MC-5849,Camera Assembly Machine,2024-11-03,2024-11-10,70,Video Devices,Cameras
MC-4997,Microphone Assembly Machine,2024-11-28,2024-12-19,525,Audio Devices,Microphones
MC-7047,Microphone Assembly Machine,2024-05-19,2024-06-09,525,Audio Devices,Microphones
MC-4073,Headphone Assembly Machine,2024-11-01,2024-11-22,420,Audio Devices,Headphones
MC-4376,Camera Assembly Machine,2024-03-25,2024-04-15,210,Video Devices,Cameras
MC-3978,Headphone Assembly Machine,2024-01-02,2024-01-23,420,Audio Devices,Headphones
MC-4929,Amplifier Assembly Machine,2024-01-30,2024-02-13,210,Audio Devices,Amplifiers
MC-8027,Speaker Assembly Machine,2024-02-23,2024-03-15,630,Audio Devices,Speakers
MC-4341,Camera Assembly Machine,2024-02-25,2024-03-10,140,Video Devices,Cameras
MC-1669,Headphone Assembly Machine,2024-11-25,2024-12-16,420,Audio Devices,Headphones
MC-6343,Camera Assembly Machine,2024-05-02,2024-05-09,70,Video Devices,Cameras
MC-4688,Headphone Assembly Machine,2024-07-14,2024-08-04,420,Audio Devices,Headphones
MC-7414,Microphone Assembly Machine,2024-12-16,2024-12-30,350,Audio Devices,Microphones
MC-6908,Camera Assembly Machine,2024-11-21,2024-12-12,210,Video Devices,Cameras
MC-2648,Speaker Assembly Machine,2024-10-10,2024-10-31,630,Audio Devices,Speakers
MC-7119,Speaker Assembly Machine,2024-02-05,2024-02-19,420,Audio Devices,Speakers
MC-3372,Speaker Assembly Machine,2024-08-10,2024-08-24,420,Audio Devices,Speakers
MC-2686,Camera Assembly Machine,2024-09-10,2024-10-01,210,Video Devices,Cameras
MC-5591,Camera Assembly Machine,2024-09-29,2024-10-06,70,Video Devices,Cameras
MC-3460,Headphone Assembly Machine,2024-08-16,2024-08-23,140,Audio Devices,Headphones
MC-6161,Camera Assembly Machine,2024-03-24,2024-04-14,210,Video Devices,Cameras
MC-7175,Headphone Assembly Machine,2024-06-20,2024-07-04,280,Audio Devices,Headphones
MC-5405,Headphone Assembly Machine,2024-09-24,2024-10-15,420,Audio Devices,Headphones
MC-1968,Camera Assembly Machine,2024-10-19,2024-11-02,140,Video Devices,Cameras
MC-5572,Headphone Assembly Machine,2024-02-21,2024-03-06,280,Audio Devices,Headphones
MC-6360,Camera Assembly Machine,2024-12-03,2024-12-24,210,Video Devices,Cameras
MC-4497,Amplifier Assembly Machine,2024-08-05,2024-08-12,105,Audio Devices,Amplifiers
MC-8190,Microphone Assembly Machine,2024-11-12,2024-12-03,525,Audio Devices,Microphones
MC-3301,Headphone Assembly Machine,2024-10-18,2024-10-25,140,Audio Devices,Headphones
MC-9871,Amplifier Assembly Machine,2024-08-06,2024-08-13,105,Audio Devices,Amplifiers
MC-3817,Headphone Assembly Machine,2024-12-11,2025-01-01,420,Audio Devices,Headphones
MC-7953,Amplifier Assembly Machine,2024-03-17,2024-03-24,105,Audio Devices,Amplifiers
MC-1803,Headphone Assembly Machine,2024-06-04,2024-06-11,140,Audio Devices,Headphones
MC-7662,Microphone Assembly Machine,2024-06-14,2024-06-21,175,Audio Devices,Microphones
MC-1178,Speaker Assembly Machine,2024-04-20,2024-04-27,210,Audio Devices,Speakers
MC-2632,Amplifier Assembly Machine,2024-05-21,2024-05-28,105,Audio Devices,Amplifiers
MC-5117,Headphone Assembly Machine,2024-02-27,2024-03-19,420,Audio Devices,Headphones
MC-1139,Speaker Assembly Machine,2024-10-25,2024-11-15,630,Audio Devices,Speakers
MC-6946,Camera Assembly Machine,2024-04-12,2024-04-19,70,Video Devices,Cameras
MC-3266,Amplifier Assembly Machine,2024-12-11,2024-12-18,105,Audio Devices,Amplifiers
MC-1788,Microphone Assembly Machine,2024-07-05,2024-07-26,525,Audio Devices,Microphones
MC-5145,Speaker Assembly Machine,2024-04-23,2024-05-14,630,Audio Devices,Speakers
MC-2653,Speaker Assembly Machine,2024-05-28,2024-06-18,630,Audio Devices,Speakers
MC-3153,Speaker Assembly Machine,2024-12-22,2025-01-12,630,Audio Devices,Speakers
MC-9436,Headphone Assembly Machine,2024-12-16,2025-01-06,420,Audio Devices,Headphones
MC-6699,Camera Assembly Machine,2024-06-14,2024-06-28,140,Video Devices,Cameras
MC-4809,Amplifier Assembly Machine,2024-08-27,2024-09-17,315,Audio Devices,Amplifiers
MC-5896,Amplifier Assembly Machine,2024-08-11,2024-08-18,105,Audio Devices,Amplifiers
MC-7128,Camera Assembly Machine,2024-06-27,2024-07-04,70,Video Devices,Cameras
MC-5248,Microphone Assembly Machine,2024-06-08,2024-06-15,175,Audio Devices,Microphones
MC-9838,Microphone Assembly Machine,2024-12-11,2025-01-01,525,Audio Devices,Microphones
MC-9193,Camera Assembly Machine,2024-04-24,2024-05-08,140,Video Devices,Cameras
MC-7401,Speaker Assembly Machine,2024-08-24,2024-09-07,420,Audio Devices,Speakers
MC-1317,Amplifier Assembly Machine,2024-06-01,2024-06-15,210,Audio Devices,Amplifiers
MC-9896,Amplifier Assembly Machine,2024-10-16,2024-10-30,210,Audio Devices,Amplifiers
MC-2988,Speaker Assembly Machine,2024-11-20,2024-11-27,210,Audio Devices,Speakers
MC-4788,Amplifier Assembly Machine,2024-06-11,2024-07-02,315,Audio Devices,Amplifiers
MC-6994,Headphone Assembly Machine,2024-02-10,2024-02-17,140,Audio Devices,Headphones
MC-3750,Camera Assembly Machine,2024-01-10,2024-01-24,140,Video Devices,Cameras
MC-6184,Amplifier Assembly Machine,2024-07-24,2024-07-31,105,Audio Devices,Amplifiers
MC-4646,Speaker Assembly Machine,2024-12-01,2024-12-22,630,Audio Devices,Speakers
MC-5946,Speaker Assembly Machine,2024-09-22,2024-10-13,630,Audio Devices,Speakers
MC-7189,Amplifier Assembly Machine,2024-07-13,2024-07-27,210,Audio Devices,Amplifiers
MC-6453,Headphone Assembly Machine,2024-09-17,2024-10-08,420,Audio Devices,Headphones
MC-9241,Amplifier Assembly Machine,2024-05-18,2024-06-01,210,Audio Devices,Amplifiers
MC-7797,Camera Assembly Machine,2024-10-05,2024-10-12,70,Video Devices,Cameras
MC-3073,Camera Assembly Machine,2024-04-29,2024-05-06,70,Video Devices,Cameras
MC-2206,Amplifier Assembly Machine,2024-07-26,2024-08-09,210,Audio Devices,Amplifiers
MC-5376,Camera Assembly Machine,2024-09-25,2024-10-16,210,Video Devices,Cameras
MC-6918,Microphone Assembly Machine,2024-11-28,2024-12-12,350,Audio Devices,Microphones
MC-1720,Camera Assembly Machine,2024-04-07,2024-04-14,70,Video Devices,Cameras
MC-4009,Amplifier Assembly Machine,2024-03-31,2024-04-14,210,Audio Devices,Amplifiers
MC-5628,Headphone Assembly Machine,2024-09-10,2024-09-17,140,Audio Devices,Headphones
MC-4217,Microphone Assembly Machine,2024-05-21,2024-06-11,525,Audio Devices,Microphones
MC-4606,Microphone Assembly Machine,2024-07-17,2024-07-31,350,Audio Devices,Microphones
MC-1808,Amplifier Assembly Machine,2024-07-20,2024-08-10,315,Audio Devices,Amplifiers
MC-4814,Speaker Assembly Machine,2024-04-09,2024-04-30,630,Audio Devices,Speakers
MC-6501,Amplifier Assembly Machine,2024-05-12,2024-05-26,210,Audio Devices,Amplifiers
MC-3115,Speaker Assembly Machine,2024-10-21,2024-11-11,630,Audio Devices,Speakers
MC-1761,Headphone Assembly Machine,2024-09-30,2024-10-07,140,Audio Devices,Headphones
MC-6583,Camera Assembly Machine,2024-07-17,2024-07-31,140,Video Devices,Cameras
MC-6918,Microphone Assembly Machine,2024-02-13,2024-03-05,525,Audio Devices,Microphones
MC-5783,Microphone Assembly Machine,2024-02-28,2024-03-13,350,Audio Devices,Microphones
MC-7826,Amplifier Assembly Machine,2024-08-11,2024-08-18,105,Audio Devices,Amplifiers
MC-7059,Camera Assembly Machine,2024-03-14,2024-03-21,70,Video Devices,Cameras
MC-5230,Headphone Assembly Machine,2024-05-21,2024-06-04,280,Audio Devices,Headphones
MC-2124,Headphone Assembly Machine,2024-06-19,2024-06-26,140,Audio Devices,Headphones
MC-2904,Headphone Assembly Machine,2024-06-14,2024-07-05,420,Audio Devices,Headphones
MC-8538,Headphone Assembly Machine,2024-08-16,2024-09-06,420,Audio Devices,Headphones
MC-6911,Microphone Assembly Machine,2024-08-24,2024-09-07,350,Audio Devices,Microphones
MC-7972,Speaker Assembly Machine,2024-12-10,2024-12-17,210,Audio Devices,Speakers
MC-6302,Amplifier Assembly Machine,2024-09-06,2024-09-13,105,Audio Devices,Amplifiers
MC-4512,Camera Assembly Machine,2024-03-16,2024-04-06,210,Video Devices,Cameras
MC-6629,Headphone Assembly Machine,2024-01-01,2024-01-22,420,Audio Devices,Headphones
MC-9019,Camera Assembly Machine,2024-04-29,2024-05-13,140,Video Devices,Cameras
MC-2371,Amplifier Assembly Machine,2024-08-01,2024-08-08,105,Audio Devices,Amplifiers
MC-2824,Amplifier Assembly Machine,2024-09-04,2024-09-11,105,Audio Devices,Amplifiers
MC-5325,Amplifier Assembly Machine,2024-04-15,2024-04-29,210,Audio Devices,Amplifiers
MC-1964,Amplifier Assembly Machine,2024-10-04,2024-10-11,105,Audio Devices,Amplifiers
MC-4725,Speaker Assembly Machine,2024-11-10,2024-12-01,630,Audio Devices,Speakers
MC-9428,Amplifier Assembly Machine,2024-08-26,2024-09-09,210,Audio Devices,Amplifiers
MC-2484,Amplifier Assembly Machine,2024-02-22,2024-03-07,210,Audio Devices,Amplifiers
MC-2517,Amplifier Assembly Machine,2024-11-06,2024-11-13,105,Audio Devices,Amplifiers
MC-6351,Headphone Assembly Machine,2024-07-03,2024-07-24,420,Audio Devices,Headphones
MC-6994,Speaker Assembly Machine,2024-09-12,2024-09-19,210,Audio Devices,Speakers
MC-4872,Microphone Assembly Machine,2024-05-05,2024-05-19,350,Audio Devices,Microphones
MC-7541,Camera Assembly Machine,2024-05-31,2024-06-21,210,Video Devices,Cameras
MC-6618,Headphone Assembly Machine,2024-06-16,2024-07-07,420,Audio Devices,Headphones
MC-2237,Amplifier Assembly Machine,2024-03-14,2024-04-04,315,Audio Devices,Amplifiers
MC-5815,Microphone Assembly Machine,2024-12-27,2025-01-03,175,Audio Devices,Microphones
MC-8323,Speaker Assembly Machine,2024-03-15,2024-04-05,630,Audio Devices,Speakers
MC-3765,Amplifier Assembly Machine,2024-04-27,2024-05-18,315,Audio Devices,Amplifiers
MC-4693,Speaker Assembly Machine,2024-08-02,2024-08-09,210,Audio Devices,Speakers
MC-8903,Microphone Assembly Machine,2024-06-25,2024-07-09,350,Audio Devices,Microphones
MC-5266,Microphone Assembly Machine,2024-12-23,2024-12-30,175,Audio Devices,Microphones
MC-4874,Speaker Assembly Machine,2024-10-19,2024-10-26,210,Audio Devices,Speakers
MC-7680,Camera Assembly Machine,2024-09-18,2024-10-02,140,Video Devices,Cameras
MC-7533,Microphone Assembly Machine,2024-10-25,2024-11-01,175,Audio Devices,Microphones
MC-9752,Amplifier Assembly Machine,2024-04-23,2024-04-30,105,Audio Devices,Amplifiers
MC-6250,Speaker Assembly Machine,2024-04-21,2024-05-05,420,Audio Devices,Speakers
MC-5424,Headphone Assembly Machine,2024-09-12,2024-09-19,140,Audio Devices,Headphones
MC-2774,Microphone Assembly Machine,2024-10-10,2024-10-24,350,Audio Devices,Microphones
MC-1353,Microphone Assembly Machine,2024-09-20,2024-09-27,175,Audio Devices,Microphones
MC-9966,Microphone Assembly Machine,2024-08-28,2024-09-11,350,Audio Devices,Microphones
MC-8037,Camera Assembly Machine,2024-05-07,2024-05-21,140,Video Devices,Cameras
MC-7589,Microphone Assembly Machine,2024-10-06,2024-10-27,525,Audio Devices,Microphones
MC-5243,Speaker Assembly Machine,2024-03-12,2024-03-19,210,Audio Devices,Speakers
MC-4365,Camera Assembly Machine,2024-07-17,2024-07-31,140,Video Devices,Cameras
MC-9801,Microphone Assembly Machine,2024-05-05,2024-05-19,350,Audio Devices,Microphones
MC-2804,Camera Assembly Machine,2024-01-27,2024-02-10,140,Video Devices,Cameras
MC-4749,Amplifier Assembly Machine,2024-11-15,2024-11-22,105,Audio Devices,Amplifiers
MC-1545,Speaker Assembly Machine,2024-12-05,2024-12-26,630,Audio Devices,Speakers
MC-7148,Camera Assembly Machine,2024-01-13,2024-01-20,70,Video Devices,Cameras
MC-8279,Microphone Assembly Machine,2024-07-19,2024-08-02,350,Audio Devices,Microphones
MC-1077,Speaker Assembly Machine,2024-04-08,2024-04-29,630,Audio Devices,Speakers
MC-3855,Amplifier Assembly Machine,2024-07-30,2024-08-06,105,Audio Devices,Amplifiers
MC-9493,Headphone Assembly Machine,2024-12-18,2024-12-25,140,Audio Devices,Headphones
MC-7502,Headphone Assembly Machine,2024-12-14,2024-12-28,280,Audio Devices,Headphones
